store_name,store_id,latitude,longitude,cluster_id
BR - Al Bairak Mall,11227230.0,29.1735,48.09851,53
BR - Al Bairak Mall,11227230.0,29.1735,48.09851,116
BR - Al Fintas,11227780.0,29.171373,48.120228,29
BR - Al Fintas,11227780.0,29.171373,48.120228,44
BR - Al Fintas,11227780.0,29.171373,48.120228,83
BR - Al Fintas,11227780.0,29.171373,48.120228,102
BR - Aswaq Al Qurain,11228260.0,29.19725105,48.05375871,47
BR - Aswaq Al Qurain,11228260.0,29.19725105,48.05375871,101
BR - Divonne,11228250.0,29.21344391,48.10409851,26
BR - Divonne,11228250.0,29.21344391,48.10409851,47
BR - Divonne,11228250.0,29.21344391,48.10409851,81
BR - Divonne,11228250.0,29.21344391,48.10409851,102
BR - Fahaheel,11227750.0,29.078178,48.135468,49
BR - Fahaheel,11227750.0,29.078178,48.135468,100
BR - Fahd El Ahmed,11227930.0,29.134477,48.107599,28
BR - Fahd El Ahmed,11227930.0,29.134477,48.107599,44
BR - Fahd El Ahmed,11227930.0,29.134477,48.107599,83
BR - Fahd El Ahmed,11227930.0,29.134477,48.107599,103
BR - Khiran Outlet,11228040.0,28.67152384,48.34630157,21
BR - Khiran Outlet,11228040.0,28.67152384,48.34630157,41
BR - Khiran Outlet,11228040.0,28.67152384,48.34630157,72
BR - Khiran Outlet,11228040.0,28.67152384,48.34630157,97
BR - Kout Mall,11228180.0,29.07780655,48.13879906,22
BR - Kout Mall,11228180.0,29.07780655,48.13879906,40
BR - Kout Mall,11228180.0,29.07780655,48.13879906,68
BR - Kout Mall,11228180.0,29.07780655,48.13879906,109
BR - Om El Haiman,11227470.0,28.96298,48.16143,48
BR - Om El Haiman,11227470.0,28.96298,48.16143,100
BR - Qurain 1,11227850.0,29.20439,48.0777,47
BR - Qurain 1,11227850.0,29.20439,48.0777,101
BR - Qurain 2,11227860.0,29.134477,48.107599,44
BR - Qurain 2,11227860.0,29.134477,48.107599,103
BR - Qurain 3,11227870.0,29.23658,48.06314,24
BR - Qurain 3,11227870.0,29.23658,48.06314,46
BR - Qurain 3,11227870.0,29.23658,48.06314,81
BR - Qurain 3,11227870.0,29.23658,48.06314,99
BR - Reqa,11227730.0,29.14461,48.1009,28
BR - Reqa,11227730.0,29.14461,48.1009,44
BR - Reqa,11227730.0,29.14461,48.1009,83
BR - Reqa,11227730.0,29.14461,48.1009,103
BR - Sabah Al Ahmed Coop,11228110.0,28.78064934,48.04057647,21
BR - Sabah Al Ahmed Coop,11228110.0,28.78064934,48.04057647,41
BR - Sabah Al Ahmed Coop,11228110.0,28.78064934,48.04057647,71
BR - Sabah Al Ahmed Coop,11228110.0,28.78064934,48.04057647,96
BR - Sabah Al Salem Block 1,11228270.0,29.26586595,48.07895968,24
BR - Sabah Al Salem Block 1,11228270.0,29.26586595,48.07895968,46
BR - Sabah Al Salem Block 1,11228270.0,29.26586595,48.07895968,81
BR - Sabah Al Salem Block 1,11228270.0,29.26586595,48.07895968,99
BR - The Gate Mall,11228000.0,29.17500489,48.09886211,22
BR - The Gate Mall,11228000.0,29.17500489,48.09886211,44
BR - The Gate Mall,11228000.0,29.17500489,48.09886211,67
BR - The Gate Mall,11228000.0,29.17500489,48.09886211,102
Hardees - Adan,11148020.0,29.235634,48.079666,19
Hardees - Adan,11148020.0,29.235634,48.079666,24
Hardees - Adan,11148020.0,29.235634,48.079666,33
Hardees - Adan,11148020.0,29.235634,48.079666,37
Hardees - Adan,11148020.0,29.235634,48.079666,46
Hardees - Adan,11148020.0,29.235634,48.079666,55
Hardees - Adan,11148020.0,29.235634,48.079666,67
Hardees - Adan,11148020.0,29.235634,48.079666,81
Hardees - Adan,11148020.0,29.235634,48.079666,88
Hardees - Adan,11148020.0,29.235634,48.079666,93
Hardees - Adan,11148020.0,29.235634,48.079666,99
Hardees - Adan,11148020.0,29.235634,48.079666,107
Hardees - Adan,11148020.0,29.235634,48.079666,112
Hardees - Adan,11148020.0,29.235634,48.079666,123
Hardees - Al Ahmadi,11147460.0,29.080435,48.066938,16
Hardees - Al Ahmadi,11147460.0,29.080435,48.066938,28
Hardees - Al Ahmadi,11147460.0,29.080435,48.066938,31
Hardees - Al Ahmadi,11147460.0,29.080435,48.066938,45
Hardees - Al Ahmadi,11147460.0,29.080435,48.066938,68
Hardees - Al Ahmadi,11147460.0,29.080435,48.066938,80
Hardees - Al Ahmadi,11147460.0,29.080435,48.066938,92
Hardees - Al Ahmadi,11147460.0,29.080435,48.066938,100
Hardees - Al Fahaheel,11147750.0,29.078125,48.135481,16
Hardees - Al Fahaheel,11147750.0,29.078125,48.135481,28
Hardees - Al Fahaheel,11147750.0,29.078125,48.135481,31
Hardees - Al Fahaheel,11147750.0,29.078125,48.135481,49
Hardees - Al Fahaheel,11147750.0,29.078125,48.135481,68
Hardees - Al Fahaheel,11147750.0,29.078125,48.135481,80
Hardees - Al Fahaheel,11147750.0,29.078125,48.135481,92
Hardees - Al Fahaheel,11147750.0,29.078125,48.135481,100
Hardees - Al Fintas,11147780.0,29.143241,48.129412,16
Hardees - Al Fintas,11147780.0,29.143241,48.129412,28
Hardees - Al Fintas,11147780.0,29.143241,48.129412,36
Hardees - Al Fintas,11147780.0,29.143241,48.129412,44
Hardees - Al Fintas,11147780.0,29.143241,48.129412,68
Hardees - Al Fintas,11147780.0,29.143241,48.129412,83
Hardees - Al Fintas,11147780.0,29.143241,48.129412,87
Hardees - Al Fintas,11147780.0,29.143241,48.129412,103
Hardees - Al Mangaf,11147960.0,29.098987,48.131574,28
Hardees - Al Mangaf,11147960.0,29.098987,48.131574,31
Hardees - Al Mangaf,11147960.0,29.098987,48.131574,80
Hardees - Al Mangaf,11147960.0,29.098987,48.131574,92
Hardees - Al Qureen,11147850.0,29.236563,48.064671,3
Hardees - Al Qureen,11147850.0,29.236563,48.064671,9
Hardees - Al Qureen,11147850.0,29.236563,48.064671,19
Hardees - Al Qureen,11147850.0,29.236563,48.064671,24
Hardees - Al Qureen,11147850.0,29.236563,48.064671,35
Hardees - Al Qureen,11147850.0,29.236563,48.064671,46
Hardees - Al Qureen,11147850.0,29.236563,48.064671,55
Hardees - Al Qureen,11147850.0,29.236563,48.064671,62
Hardees - Al Qureen,11147850.0,29.236563,48.064671,67
Hardees - Al Qureen,11147850.0,29.236563,48.064671,76
Hardees - Al Qureen,11147850.0,29.236563,48.064671,81
Hardees - Al Qureen,11147850.0,29.236563,48.064671,88
Hardees - Al Qureen,11147850.0,29.236563,48.064671,93
Hardees - Al Qureen,11147850.0,29.236563,48.064671,99
Hardees - Al Qureen,11147850.0,29.236563,48.064671,116
Hardees - Al Qureen,11147850.0,29.236563,48.064671,118
Hardees - Al Qureen,11147850.0,29.236563,48.064671,119
Hardees - Al Qureen,11147850.0,29.236563,48.064671,120
Hardees - Al Qureen,11147850.0,29.236563,48.064671,123
Hardees - Al Qureen 2,11147870.0,29.204344,48.077731,8
Hardees - Al Qureen 2,11147870.0,29.204344,48.077731,18
Hardees - Al Qureen 2,11147870.0,29.204344,48.077731,26
Hardees - Al Qureen 2,11147870.0,29.204344,48.077731,34
Hardees - Al Qureen 2,11147870.0,29.204344,48.077731,37
Hardees - Al Qureen 2,11147870.0,29.204344,48.077731,42
Hardees - Al Qureen 2,11147870.0,29.204344,48.077731,43
Hardees - Al Qureen 2,11147870.0,29.204344,48.077731,50
Hardees - Al Qureen 2,11147870.0,29.204344,48.077731,52
Hardees - Al Qureen 2,11147870.0,29.204344,48.077731,57
Hardees - Al Qureen 2,11147870.0,29.204344,48.077731,61
Hardees - Al Qureen 2,11147870.0,29.204344,48.077731,67
Hardees - Al Qureen 2,11147870.0,29.204344,48.077731,73
Hardees - Al Qureen 2,11147870.0,29.204344,48.077731,75
Hardees - Al Qureen 2,11147870.0,29.204344,48.077731,84
Hardees - Al Qureen 2,11147870.0,29.204344,48.077731,94
Hardees - Al Qureen 2,11147870.0,29.204344,48.077731,101
Hardees - Al Qureen 2,11147870.0,29.204344,48.077731,106
Hardees - Al Qureen 2,11147870.0,29.204344,48.077731,107
Hardees - Al Qureen 2,11147870.0,29.204344,48.077731,108
Hardees - Al Qureen 2,11147870.0,29.204344,48.077731,109
Hardees - Al Qureen 2,11147870.0,29.204344,48.077731,125
Hardees - Al Sbahiya,11147740.0,29.109567,48.108588,16
Hardees - Al Sbahiya,11147740.0,29.109567,48.108588,28
Hardees - Al Sbahiya,11147740.0,29.109567,48.108588,30
Hardees - Al Sbahiya,11147740.0,29.109567,48.108588,49
Hardees - Al Sbahiya,11147740.0,29.109567,48.108588,50
Hardees - Al Sbahiya,11147740.0,29.109567,48.108588,68
Hardees - Al Sbahiya,11147740.0,29.109567,48.108588,83
Hardees - Al Sbahiya,11147740.0,29.109567,48.108588,91
Hardees - Al Sbahiya,11147740.0,29.109567,48.108588,103
Hardees - Al Sbahiya,11147740.0,29.109567,48.108588,106
Hardees - Al Sbahiya,11147740.0,29.109567,48.108588,121
Hardees - Al Zahr,11147770.0,29.168466,48.063947,18
Hardees - Al Zahr,11147770.0,29.168466,48.063947,23
Hardees - Al Zahr,11147770.0,29.168466,48.063947,29
Hardees - Al Zahr,11147770.0,29.168466,48.063947,30
Hardees - Al Zahr,11147770.0,29.168466,48.063947,47
Hardees - Al Zahr,11147770.0,29.168466,48.063947,67
Hardees - Al Zahr,11147770.0,29.168466,48.063947,84
Hardees - Al Zahr,11147770.0,29.168466,48.063947,85
Hardees - Al Zahr,11147770.0,29.168466,48.063947,91
Hardees - Al Zahr,11147770.0,29.168466,48.063947,101
Hardees - Augiela 2,11148270.0,29.172656,48.094883,18
Hardees - Augiela 2,11148270.0,29.172656,48.094883,29
Hardees - Augiela 2,11148270.0,29.172656,48.094883,30
Hardees - Augiela 2,11148270.0,29.172656,48.094883,44
Hardees - Augiela 2,11148270.0,29.172656,48.094883,67
Hardees - Augiela 2,11148270.0,29.172656,48.094883,83
Hardees - Augiela 2,11148270.0,29.172656,48.094883,91
Hardees - Augiela 2,11148270.0,29.172656,48.094883,102
Hardees - Fahd El Ahmed,11147930.0,29.134419,48.107682,16
Hardees - Fahd El Ahmed,11147930.0,29.134419,48.107682,28
Hardees - Fahd El Ahmed,11147930.0,29.134419,48.107682,30
Hardees - Fahd El Ahmed,11147930.0,29.134419,48.107682,36
Hardees - Fahd El Ahmed,11147930.0,29.134419,48.107682,44
Hardees - Fahd El Ahmed,11147930.0,29.134419,48.107682,68
Hardees - Fahd El Ahmed,11147930.0,29.134419,48.107682,83
Hardees - Fahd El Ahmed,11147930.0,29.134419,48.107682,87
Hardees - Fahd El Ahmed,11147930.0,29.134419,48.107682,91
Hardees - Fahd El Ahmed,11147930.0,29.134419,48.107682,103
Hardees - Khairan,11148140.0,28.66311,48.365472,20
Hardees - Khairan,11148140.0,28.66311,48.365472,27
Hardees - Khairan,11148140.0,28.66311,48.365472,32
Hardees - Khairan,11148140.0,28.66311,48.365472,38
Hardees - Khairan,11148140.0,28.66311,48.365472,48
Hardees - Khairan,11148140.0,28.66311,48.365472,72
Hardees - Khairan,11148140.0,28.66311,48.365472,82
Hardees - Khairan,11148140.0,28.66311,48.365472,89
Hardees - Khairan,11148140.0,28.66311,48.365472,90
Hardees - Khairan,11148140.0,28.66311,48.365472,104
Hardees - Khiran Hybrid Outlet,11148460.0,28.6719945,48.34673608,1
Hardees - Khiran Hybrid Outlet,11148460.0,28.6719945,48.34673608,20
Hardees - Khiran Hybrid Outlet,11148460.0,28.6719945,48.34673608,27
Hardees - Khiran Hybrid Outlet,11148460.0,28.6719945,48.34673608,32
Hardees - Khiran Hybrid Outlet,11148460.0,28.6719945,48.34673608,48
Hardees - Khiran Hybrid Outlet,11148460.0,28.6719945,48.34673608,72
Hardees - Khiran Hybrid Outlet,11148460.0,28.6719945,48.34673608,82
Hardees - Khiran Hybrid Outlet,11148460.0,28.6719945,48.34673608,90
Hardees - Khiran Hybrid Outlet,11148460.0,28.6719945,48.34673608,104
Hardees - Khiran Hybrid Outlet,11148460.0,28.6719945,48.34673608,109
Hardees - Khiran Hybrid Outlet,11148460.0,28.6719945,48.34673608,111
Hardees - Om El Himan,11147470.0,28.963033,48.16152,17
Hardees - Om El Himan,11147470.0,28.963033,48.16152,25
Hardees - Om El Himan,11147470.0,28.963033,48.16152,31
Hardees - Om El Himan,11147470.0,28.963033,48.16152,48
Hardees - Om El Himan,11147470.0,28.963033,48.16152,69
Hardees - Om El Himan,11147470.0,28.963033,48.16152,80
Hardees - Om El Himan,11147470.0,28.963033,48.16152,85
Hardees - Om El Himan,11147470.0,28.963033,48.16152,92
Hardees - Om El Himan,11147470.0,28.963033,48.16152,100
Hardees - Qurain Markets,11148480.0,29.1973848,48.04665118,18
Hardees - Qurain Markets,11148480.0,29.1973848,48.04665118,29
Hardees - Qurain Markets,11148480.0,29.1973848,48.04665118,34
Hardees - Qurain Markets,11148480.0,29.1973848,48.04665118,37
Hardees - Qurain Markets,11148480.0,29.1973848,48.04665118,47
Hardees - Qurain Markets,11148480.0,29.1973848,48.04665118,59
Hardees - Qurain Markets,11148480.0,29.1973848,48.04665118,67
Hardees - Qurain Markets,11148480.0,29.1973848,48.04665118,84
Hardees - Qurain Markets,11148480.0,29.1973848,48.04665118,86
Hardees - Qurain Markets,11148480.0,29.1973848,48.04665118,101
Hardees - Qurain Markets,11148480.0,29.1973848,48.04665118,127
Hardees - Sabah Al Ahmed,11148410.0,28.792,48.053,20
Hardees - Sabah Al Ahmed,11148410.0,28.792,48.053,25
Hardees - Sabah Al Ahmed,11148410.0,28.792,48.053,32
Hardees - Sabah Al Ahmed,11148410.0,28.792,48.053,38
Hardees - Sabah Al Ahmed,11148410.0,28.792,48.053,48
Hardees - Sabah Al Ahmed,11148410.0,28.792,48.053,51
Hardees - Sabah Al Ahmed,11148410.0,28.792,48.053,71
Hardees - Sabah Al Ahmed,11148410.0,28.792,48.053,79
Hardees - Sabah Al Ahmed,11148410.0,28.792,48.053,89
Hardees - Sabah Al Ahmed,11148410.0,28.792,48.053,90
Hardees - Sabah Al Ahmed,11148410.0,28.792,48.053,104
Hardees - Sabah Al Ahmed,11148410.0,28.792,48.053,105
Hardees - Sabah Al Ahmed,11148410.0,28.792,48.053,121
Hardees - Sabah Al Salem,11147830.0,29.256562,48.052294,9
Hardees - Sabah Al Salem,11147830.0,29.256562,48.052294,19
Hardees - Sabah Al Salem,11147830.0,29.256562,48.052294,24
Hardees - Sabah Al Salem,11147830.0,29.256562,48.052294,35
Hardees - Sabah Al Salem,11147830.0,29.256562,48.052294,42
Hardees - Sabah Al Salem,11147830.0,29.256562,48.052294,46
Hardees - Sabah Al Salem,11147830.0,29.256562,48.052294,58
Hardees - Sabah Al Salem,11147830.0,29.256562,48.052294,62
Hardees - Sabah Al Salem,11147830.0,29.256562,48.052294,67
Hardees - Sabah Al Salem,11147830.0,29.256562,48.052294,78
Hardees - Sabah Al Salem,11147830.0,29.256562,48.052294,81
Hardees - Sabah Al Salem,11147830.0,29.256562,48.052294,99
Hardees - Sabah Al Salem,11147830.0,29.256562,48.052294,126
Hardees - Sabah Al Salem Block,11148490.0,29.26592249,48.07889889,9
Hardees - Sabah Al Salem Block,11148490.0,29.26592249,48.07889889,19
Hardees - Sabah Al Salem Block,11148490.0,29.26592249,48.07889889,24
Hardees - Sabah Al Salem Block,11148490.0,29.26592249,48.07889889,33
Hardees - Sabah Al Salem Block,11148490.0,29.26592249,48.07889889,37
Hardees - Sabah Al Salem Block,11148490.0,29.26592249,48.07889889,46
Hardees - Sabah Al Salem Block,11148490.0,29.26592249,48.07889889,54
Hardees - Sabah Al Salem Block,11148490.0,29.26592249,48.07889889,65
Hardees - Sabah Al Salem Block,11148490.0,29.26592249,48.07889889,67
Hardees - Sabah Al Salem Block,11148490.0,29.26592249,48.07889889,78
Hardees - Sabah Al Salem Block,11148490.0,29.26592249,48.07889889,81
Hardees - Sabah Al Salem Block,11148490.0,29.26592249,48.07889889,88
Hardees - Sabah Al Salem Block,11148490.0,29.26592249,48.07889889,95
Hardees - Sabah Al Salem Block,11148490.0,29.26592249,48.07889889,99
Hardees - Sabah Al Salem Block,11148490.0,29.26592249,48.07889889,122
Hardees - Village,11148160.0,29.21224,48.104247,18
Hardees - Village,11148160.0,29.21224,48.104247,26
Hardees - Village,11148160.0,29.21224,48.104247,34
Hardees - Village,11148160.0,29.21224,48.104247,37
Hardees - Village,11148160.0,29.21224,48.104247,47
Hardees - Village,11148160.0,29.21224,48.104247,56
Hardees - Village,11148160.0,29.21224,48.104247,67
Hardees - Village,11148160.0,29.21224,48.104247,81
Hardees - Village,11148160.0,29.21224,48.104247,88
Hardees - Village,11148160.0,29.21224,48.104247,94
Hardees - Village,11148160.0,29.21224,48.104247,102
Hardees - Village,11148160.0,29.21224,48.104247,124
KFC - Abo Helifa,11127760.0,29.1339,48.1324,16
KFC - Abo Helifa,11127760.0,29.1339,48.1324,28
KFC - Abo Helifa,11127760.0,29.1339,48.1324,30
KFC - Abo Helifa,11127760.0,29.1339,48.1324,44
KFC - Abo Helifa,11127760.0,29.1339,48.1324,68
KFC - Abo Helifa,11127760.0,29.1339,48.1324,77
KFC - Abo Helifa,11127760.0,29.1339,48.1324,91
KFC - Abo Helifa,11127760.0,29.1339,48.1324,103
KFC - Abo Helifa,11127760.0,29.1339,48.1324,116
KFC - Adan,11128020.0,29.235456,48.079627,3
KFC - Adan,11128020.0,29.235456,48.079627,19
KFC - Adan,11128020.0,29.235456,48.079627,24
KFC - Adan,11128020.0,29.235456,48.079627,33
KFC - Adan,11128020.0,29.235456,48.079627,46
KFC - Adan,11128020.0,29.235456,48.079627,67
KFC - Adan,11128020.0,29.235456,48.079627,81
KFC - Adan,11128020.0,29.235456,48.079627,93
KFC - Adan,11128020.0,29.235456,48.079627,99
KFC - Adan,11128020.0,29.235456,48.079627,112
KFC - Al Ahmadi,11127460.0,29.0806,48.067,16
KFC - Al Ahmadi,11127460.0,29.0806,48.067,28
KFC - Al Ahmadi,11127460.0,29.0806,48.067,31
KFC - Al Ahmadi,11127460.0,29.0806,48.067,45
KFC - Al Ahmadi,11127460.0,29.0806,48.067,68
KFC - Al Ahmadi,11127460.0,29.0806,48.067,80
KFC - Al Ahmadi,11127460.0,29.0806,48.067,92
KFC - Al Ahmadi,11127460.0,29.0806,48.067,100
KFC - Al Bairak Mall,11127230.0,29.1734,48.099,30
KFC - Al Bairak Mall,11127230.0,29.1734,48.099,53
KFC - Al Bairak Mall,11127230.0,29.1734,48.099,91
KFC - Al Bairak Mall,11127230.0,29.1734,48.099,116
KFC - Al Kout Mall,11128220.0,29.078084,48.139116,11
KFC - Al Kout Mall,11128220.0,29.078084,48.139116,31
KFC - Al Kout Mall,11128220.0,29.078084,48.139116,64
KFC - Al Kout Mall,11128220.0,29.078084,48.139116,92
KFC - Al Mahboola,11127780.0,29.137847,48.124191,16
KFC - Al Mahboola,11127780.0,29.137847,48.124191,28
KFC - Al Mahboola,11127780.0,29.137847,48.124191,30
KFC - Al Mahboola,11127780.0,29.137847,48.124191,44
KFC - Al Mahboola,11127780.0,29.137847,48.124191,68
KFC - Al Mahboola,11127780.0,29.137847,48.124191,83
KFC - Al Mahboola,11127780.0,29.137847,48.124191,91
KFC - Al Mahboola,11127780.0,29.137847,48.124191,103
KFC - Al Mangaf,11127960.0,29.099227,48.134147,16
KFC - Al Mangaf,11127960.0,29.099227,48.134147,28
KFC - Al Mangaf,11127960.0,29.099227,48.134147,31
KFC - Al Mangaf,11127960.0,29.099227,48.134147,36
KFC - Al Mangaf,11127960.0,29.099227,48.134147,40
KFC - Al Mangaf,11127960.0,29.099227,48.134147,49
KFC - Al Mangaf,11127960.0,29.099227,48.134147,68
KFC - Al Mangaf,11127960.0,29.099227,48.134147,80
KFC - Al Mangaf,11127960.0,29.099227,48.134147,87
KFC - Al Mangaf,11127960.0,29.099227,48.134147,92
KFC - Al Mangaf,11127960.0,29.099227,48.134147,96
KFC - Al Mangaf,11127960.0,29.099227,48.134147,103
KFC - Al Zahr,11127770.0,29.168629,48.063945,5
KFC - Al Zahr,11127770.0,29.168629,48.063945,18
KFC - Al Zahr,11127770.0,29.168629,48.063945,29
KFC - Al Zahr,11127770.0,29.168629,48.063945,30
KFC - Al Zahr,11127770.0,29.168629,48.063945,47
KFC - Al Zahr,11127770.0,29.168629,48.063945,67
KFC - Al Zahr,11127770.0,29.168629,48.063945,84
KFC - Al Zahr,11127770.0,29.168629,48.063945,86
KFC - Al Zahr,11127770.0,29.168629,48.063945,98
KFC - Al Zahr,11127770.0,29.168629,48.063945,114
KFC - Alreqa,11127730.0,29.1431,48.1019,10
KFC - Alreqa,11127730.0,29.1431,48.1019,12
KFC - Alreqa,11127730.0,29.1431,48.1019,22
KFC - Alreqa,11127730.0,29.1431,48.1019,30
KFC - Alreqa,11127730.0,29.1431,48.1019,44
KFC - Alreqa,11127730.0,29.1431,48.1019,68
KFC - Alreqa,11127730.0,29.1431,48.1019,73
KFC - Alreqa,11127730.0,29.1431,48.1019,83
KFC - Alreqa,11127730.0,29.1431,48.1019,96
KFC - Alreqa,11127730.0,29.1431,48.1019,107
KFC - Aswaq Al Qurain,11128440.0,29.19730724,48.05377481,29
KFC - Aswaq Al Qurain,11128440.0,29.19730724,48.05377481,34
KFC - Aswaq Al Qurain,11128440.0,29.19730724,48.05377481,47
KFC - Aswaq Al Qurain,11128440.0,29.19730724,48.05377481,84
KFC - Aswaq Al Qurain,11128440.0,29.19730724,48.05377481,93
KFC - Aswaq Al Qurain,11128440.0,29.19730724,48.05377481,101
KFC - Augiela 2,11128270.0,29.172702,48.095099,10
KFC - Augiela 2,11128270.0,29.172702,48.095099,18
KFC - Augiela 2,11128270.0,29.172702,48.095099,29
KFC - Augiela 2,11128270.0,29.172702,48.095099,30
KFC - Augiela 2,11128270.0,29.172702,48.095099,44
KFC - Augiela 2,11128270.0,29.172702,48.095099,63
KFC - Augiela 2,11128270.0,29.172702,48.095099,67
KFC - Augiela 2,11128270.0,29.172702,48.095099,83
KFC - Augiela 2,11128270.0,29.172702,48.095099,91
KFC - Augiela 2,11128270.0,29.172702,48.095099,102
KFC - Fahaheel,11127750.0,29.0782,48.1354,16
KFC - Fahaheel,11127750.0,29.0782,48.1354,28
KFC - Fahaheel,11127750.0,29.0782,48.1354,31
KFC - Fahaheel,11127750.0,29.0782,48.1354,49
KFC - Fahaheel,11127750.0,29.0782,48.1354,68
KFC - Fahaheel,11127750.0,29.0782,48.1354,80
KFC - Fahaheel,11127750.0,29.0782,48.1354,92
KFC - Fahaheel,11127750.0,29.0782,48.1354,100
KFC - Fahd Al Ahmad,11127930.0,29.134423,48.107656,6
KFC - Fahd Al Ahmad,11127930.0,29.134423,48.107656,14
KFC - Fahd Al Ahmad,11127930.0,29.134423,48.107656,23
KFC - Fahd Al Ahmad,11127930.0,29.134423,48.107656,30
KFC - Fahd Al Ahmad,11127930.0,29.134423,48.107656,44
KFC - Fahd Al Ahmad,11127930.0,29.134423,48.107656,63
KFC - Fahd Al Ahmad,11127930.0,29.134423,48.107656,68
KFC - Fahd Al Ahmad,11127930.0,29.134423,48.107656,73
KFC - Fahd Al Ahmad,11127930.0,29.134423,48.107656,83
KFC - Fahd Al Ahmad,11127930.0,29.134423,48.107656,87
KFC - Fahd Al Ahmad,11127930.0,29.134423,48.107656,117
KFC - Khiran Outlet,11128420.0,28.67162738,48.34640886,13
KFC - Khiran Outlet,11128420.0,28.67162738,48.34640886,32
KFC - Khiran Outlet,11128420.0,28.67162738,48.34640886,41
KFC - Khiran Outlet,11128420.0,28.67162738,48.34640886,66
KFC - Khiran Outlet,11128420.0,28.67162738,48.34640886,90
KFC - Khiran Outlet,11128420.0,28.67162738,48.34640886,97
KFC - Loft Fintas,11128570.0,29.18125495,48.11705636,18
KFC - Loft Fintas,11128570.0,29.18125495,48.11705636,26
KFC - Loft Fintas,11128570.0,29.18125495,48.11705636,30
KFC - Loft Fintas,11128570.0,29.18125495,48.11705636,44
KFC - Loft Fintas,11128570.0,29.18125495,48.11705636,67
KFC - Loft Fintas,11128570.0,29.18125495,48.11705636,83
KFC - Loft Fintas,11128570.0,29.18125495,48.11705636,91
KFC - Loft Fintas,11128570.0,29.18125495,48.11705636,102
KFC - Mangaf 2,11128400.0,29.10458661,48.12479592,10
KFC - Mangaf 2,11128400.0,29.10458661,48.12479592,16
KFC - Mangaf 2,11128400.0,29.10458661,48.12479592,28
KFC - Mangaf 2,11128400.0,29.10458661,48.12479592,30
KFC - Mangaf 2,11128400.0,29.10458661,48.12479592,49
KFC - Mangaf 2,11128400.0,29.10458661,48.12479592,64
KFC - Mangaf 2,11128400.0,29.10458661,48.12479592,68
KFC - Mangaf 2,11128400.0,29.10458661,48.12479592,80
KFC - Mangaf 2,11128400.0,29.10458661,48.12479592,92
KFC - Mangaf 2,11128400.0,29.10458661,48.12479592,103
KFC - Om El Himan,11127470.0,28.962943,48.161436,11
KFC - Om El Himan,11127470.0,28.962943,48.161436,17
KFC - Om El Himan,11127470.0,28.962943,48.161436,25
KFC - Om El Himan,11127470.0,28.962943,48.161436,31
KFC - Om El Himan,11127470.0,28.962943,48.161436,48
KFC - Om El Himan,11127470.0,28.962943,48.161436,64
KFC - Om El Himan,11127470.0,28.962943,48.161436,69
KFC - Om El Himan,11127470.0,28.962943,48.161436,74
KFC - Om El Himan,11127470.0,28.962943,48.161436,80
KFC - Om El Himan,11127470.0,28.962943,48.161436,85
KFC - Om El Himan,11127470.0,28.962943,48.161436,92
KFC - Om El Himan,11127470.0,28.962943,48.161436,116
KFC - Qureen,11127850.0,29.2155,48.0742,8
KFC - Qureen,11127850.0,29.2155,48.0742,26
KFC - Qureen,11127850.0,29.2155,48.0742,34
KFC - Qureen,11127850.0,29.2155,48.0742,47
KFC - Qureen,11127850.0,29.2155,48.0742,61
KFC - Qureen,11127850.0,29.2155,48.0742,81
KFC - Qureen,11127850.0,29.2155,48.0742,93
KFC - Qureen,11127850.0,29.2155,48.0742,101
KFC - S Al Salem,11127830.0,29.2496,48.0664,19
KFC - S Al Salem,11127830.0,29.2496,48.0664,24
KFC - S Al Salem,11127830.0,29.2496,48.0664,35
KFC - S Al Salem,11127830.0,29.2496,48.0664,46
KFC - S Al Salem,11127830.0,29.2496,48.0664,67
KFC - S Al Salem,11127830.0,29.2496,48.0664,81
KFC - S Al Salem,11127830.0,29.2496,48.0664,95
KFC - S Al Salem,11127830.0,29.2496,48.0664,99
KFC - Sabah Al Ahmad 2,11128370.0,28.79203867,48.05321903,20
KFC - Sabah Al Ahmad 2,11128370.0,28.79203867,48.05321903,25
KFC - Sabah Al Ahmad 2,11128370.0,28.79203867,48.05321903,32
KFC - Sabah Al Ahmad 2,11128370.0,28.79203867,48.05321903,43
KFC - Sabah Al Ahmad 2,11128370.0,28.79203867,48.05321903,71
KFC - Sabah Al Ahmad 2,11128370.0,28.79203867,48.05321903,79
KFC - Sabah Al Ahmad 2,11128370.0,28.79203867,48.05321903,90
KFC - Sabah Al Ahmad 2,11128370.0,28.79203867,48.05321903,96
KFC - Sabah Al Salem 2,11128430.0,29.25425606,48.08093256,24
KFC - Sabah Al Salem 2,11128430.0,29.25425606,48.08093256,33
KFC - Sabah Al Salem 2,11128430.0,29.25425606,48.08093256,42
KFC - Sabah Al Salem 2,11128430.0,29.25425606,48.08093256,46
KFC - Sabah Al Salem 2,11128430.0,29.25425606,48.08093256,81
KFC - Sabah Al Salem 2,11128430.0,29.25425606,48.08093256,95
KFC - Sabah Al Salem 2,11128430.0,29.25425606,48.08093256,96
KFC - Sabah Al Salem 2,11128430.0,29.25425606,48.08093256,99
KFC - Village,11128200.0,29.212059,48.10428,7
KFC - Village,11128200.0,29.212059,48.10428,18
KFC - Village,11128200.0,29.212059,48.10428,26
KFC - Village,11128200.0,29.212059,48.10428,34
KFC - Village,11128200.0,29.212059,48.10428,47
KFC - Village,11128200.0,29.212059,48.10428,60
KFC - Village,11128200.0,29.212059,48.10428,67
KFC - Village,11128200.0,29.212059,48.10428,81
KFC - Village,11128200.0,29.212059,48.10428,94
KFC - Village,11128200.0,29.212059,48.10428,102
KFC Mubarek El-Kaber(Qurain 2),11127870.0,29.1886,48.0798,18
KFC Mubarek El-Kaber(Qurain 2),11127870.0,29.1886,48.0798,29
KFC Mubarek El-Kaber(Qurain 2),11127870.0,29.1886,48.0798,34
KFC Mubarek El-Kaber(Qurain 2),11127870.0,29.1886,48.0798,47
KFC Mubarek El-Kaber(Qurain 2),11127870.0,29.1886,48.0798,67
KFC Mubarek El-Kaber(Qurain 2),11127870.0,29.1886,48.0798,84
KFC Mubarek El-Kaber(Qurain 2),11127870.0,29.1886,48.0798,94
KFC Mubarek El-Kaber(Qurain 2),11127870.0,29.1886,48.0798,101
Krispy Kreme - Aswaq Al Qurain,11198740.0,29.19731427,48.05369702,18
Krispy Kreme - Aswaq Al Qurain,11198740.0,29.19731427,48.05369702,34
Krispy Kreme - Aswaq Al Qurain,11198740.0,29.19731427,48.05369702,67
Krispy Kreme - Aswaq Al Qurain,11198740.0,29.19731427,48.05369702,93
Krispy Kreme - Divonne,11198770.0,29.21343689,48.10417093,18
Krispy Kreme - Divonne,11198770.0,29.21343689,48.10417093,34
Krispy Kreme - Divonne,11198770.0,29.21343689,48.10417093,67
Krispy Kreme - Divonne,11198770.0,29.21343689,48.10417093,94
Krispy Kreme - Fahaheel,11198750.0,29.07812165,48.13541496,16
Krispy Kreme - Fahaheel,11198750.0,29.07812165,48.13541496,31
Krispy Kreme - Fahaheel,11198750.0,29.07812165,48.13541496,68
Krispy Kreme - Fahaheel,11198750.0,29.07812165,48.13541496,92
Krispy Kreme - Gate Mall,11198090.0,29.17496742,48.09889966,18
Krispy Kreme - Gate Mall,11198090.0,29.17496742,48.09889966,30
Krispy Kreme - Gate Mall,11198090.0,29.17496742,48.09889966,67
Krispy Kreme - Gate Mall,11198090.0,29.17496742,48.09889966,91
Krispy Kreme - Khiran Hybrid O,11198790.0,28.67190978,48.3466288,20
Krispy Kreme - Khiran Hybrid O,11198790.0,28.67190978,48.3466288,32
Krispy Kreme - Khiran Hybrid O,11198790.0,28.67190978,48.3466288,51
Krispy Kreme - Khiran Hybrid O,11198790.0,28.67190978,48.3466288,53
Krispy Kreme - Khiran Hybrid O,11198790.0,28.67190978,48.3466288,72
Krispy Kreme - Khiran Hybrid O,11198790.0,28.67190978,48.3466288,90
Krispy Kreme - Khiran Hybrid O,11198790.0,28.67190978,48.3466288,115
Krispy Kreme - Khiran Hybrid O,11198790.0,28.67190978,48.3466288,117
Krispy Kreme - Khiran Square M,11198760.0,28.67847697,48.33250624,20
Krispy Kreme - Khiran Square M,11198760.0,28.67847697,48.33250624,32
Krispy Kreme - Khiran Square M,11198760.0,28.67847697,48.33250624,53
Krispy Kreme - Khiran Square M,11198760.0,28.67847697,48.33250624,72
Krispy Kreme - Khiran Square M,11198760.0,28.67847697,48.33250624,90
Krispy Kreme - Khiran Square M,11198760.0,28.67847697,48.33250624,115
Krispy Kreme - Kout Mall,11198830.0,29.07775498,48.1387642,40
Krispy Kreme - Kout Mall,11198830.0,29.07775498,48.1387642,113
Krispy Kreme - Sabah Al Salem,11198820.0,29.2658215,48.07883898,19
Krispy Kreme - Sabah Al Salem,11198820.0,29.2658215,48.07883898,33
Krispy Kreme - Sabah Al Salem,11198820.0,29.2658215,48.07883898,67
Krispy Kreme - Sabah Al Salem,11198820.0,29.2658215,48.07883898,95
TGIF - Abu Halifa,11187760.0,29.154,48.1249,5
TGIF - Abu Halifa,11187760.0,29.154,48.1249,10
TGIF - Abu Halifa,11187760.0,29.154,48.1249,28
TGIF - Abu Halifa,11187760.0,29.154,48.1249,39
TGIF - Abu Halifa,11187760.0,29.154,48.1249,44
TGIF - Abu Halifa,11187760.0,29.154,48.1249,63
TGIF - Abu Halifa,11187760.0,29.154,48.1249,77
TGIF - Abu Halifa,11187760.0,29.154,48.1249,114
TGIF - Al Kout Mall,11188220.0,29.0791,48.1396,1
TGIF - Al Kout Mall,11188220.0,29.0791,48.1396,4
TGIF - Al Kout Mall,11188220.0,29.0791,48.1396,11
TGIF - Al Kout Mall,11188220.0,29.0791,48.1396,28
TGIF - Al Kout Mall,11188220.0,29.0791,48.1396,40
TGIF - Al Kout Mall,11188220.0,29.0791,48.1396,49
TGIF - Al Kout Mall,11188220.0,29.0791,48.1396,64
TGIF - Al Kout Mall,11188220.0,29.0791,48.1396,77
TGIF - Al Kout Mall,11188220.0,29.0791,48.1396,113
TGIF - Gate Mall,11188090.0,29.1747,48.0973,5
TGIF - Gate Mall,11188090.0,29.1747,48.0973,10
TGIF - Gate Mall,11188090.0,29.1747,48.0973,29
TGIF - Gate Mall,11188090.0,29.1747,48.0973,30
TGIF - Gate Mall,11188090.0,29.1747,48.0973,39
TGIF - Gate Mall,11188090.0,29.1747,48.0973,44
TGIF - Gate Mall,11188090.0,29.1747,48.0973,63
TGIF - Gate Mall,11188090.0,29.1747,48.0973,75
TGIF - Gate Mall,11188090.0,29.1747,48.0973,91
TGIF - Gate Mall,11188090.0,29.1747,48.0973,96
TGIF - Gate Mall,11188090.0,29.1747,48.0973,114
TGIF - The Lake Mall,11187030.0,29.216,48.1032,1
TGIF - The Lake Mall,11187030.0,29.216,48.1032,2
TGIF - The Lake Mall,11187030.0,29.216,48.1032,7
TGIF - The Lake Mall,11187030.0,29.216,48.1032,26
TGIF - The Lake Mall,11187030.0,29.216,48.1032,42
TGIF - The Lake Mall,11187030.0,29.216,48.1032,47
TGIF - The Lake Mall,11187030.0,29.216,48.1032,60
TGIF - The Lake Mall,11187030.0,29.216,48.1032,75
TGIF - The Lake Mall,11187030.0,29.216,48.1032,110
Tikka - Fahaheel DK,11137130.0,29.352062,47.66496348,15
Tikka - Fahaheel DK,11137130.0,29.352062,47.66496348,70
Tikka - Qurain,11137870.0,29.20443,48.077741,18
Tikka - Qurain,11137870.0,29.20443,48.077741,67
Wimpy - Abu Halifa,11118300.0,29.15414054,48.12480344,16
Wimpy - Abu Halifa,11118300.0,29.15414054,48.12480344,30
Wimpy - Abu Halifa,11118300.0,29.15414054,48.12480344,44
Wimpy - Abu Halifa,11118300.0,29.15414054,48.12480344,68
Wimpy - Abu Halifa,11118300.0,29.15414054,48.12480344,87
Wimpy - Abu Halifa,11118300.0,29.15414054,48.12480344,91
Wimpy - Abu Halifa,11118300.0,29.15414054,48.12480344,103
Wimpy - Abu Halifa,11118300.0,29.15414054,48.12480344,114
Wimpy - Divonne Complex,11118400.0,29.21383204,48.10389363,2
Wimpy - Divonne Complex,11118400.0,29.21383204,48.10389363,18
Wimpy - Divonne Complex,11118400.0,29.21383204,48.10389363,26
Wimpy - Divonne Complex,11118400.0,29.21383204,48.10389363,34
Wimpy - Divonne Complex,11118400.0,29.21383204,48.10389363,47
Wimpy - Divonne Complex,11118400.0,29.21383204,48.10389363,52
Wimpy - Divonne Complex,11118400.0,29.21383204,48.10389363,67
Wimpy - Divonne Complex,11118400.0,29.21383204,48.10389363,81
Wimpy - Divonne Complex,11118400.0,29.21383204,48.10389363,94
Wimpy - Divonne Complex,11118400.0,29.21383204,48.10389363,102
Wimpy - Divonne Complex,11118400.0,29.21383204,48.10389363,106
Wimpy - Divonne Complex,11118400.0,29.21383204,48.10389363,110
