trip_id,trip_type,service_date,bus_id,rotation_tag,planned_start_dt,planned_end_dt,trip_duration_min,occupancy_pct,assigned_passengers,rescued_by_delay,duty_segment,split_reset_flag,handover_flag
ORT_0001,IN,2026-04-04,1,evening,2026-04-04 21:00:00.000000,2026-04-05 00:10:25.200000,190.42,31.82,7,False,1,False,True
ORT_0002,IN,2026-04-05,1,morning,2026-04-05 04:00:00.000000,2026-04-05 04:11:20.400000,11.34,9.09,2,False,1,False,False
ORT_0004,IN,2026-04-05,2,morning,2026-04-05 04:15:00.000000,2026-04-05 09:16:45.000000,301.75,86.36,19,False,1,False,False
ORT_0003,IN,2026-04-05,3,morning,2026-04-05 04:30:00.000000,2026-04-05 06:19:19.200000,109.32,59.09,13,False,1,False,False
ORT_0014,IN,2026-04-05,4,morning,2026-04-05 04:45:00.000000,2026-04-05 09:43:37.800000,298.63,90.91,20,False,1,False,False
MIX_0001,MIXED,2026-04-05,5,morning,2026-04-05 06:30:00.000000,2026-04-05 09:03:55.800000,153.93,100.0,23,False,1,False,False
ORT_0005,IN,2026-04-05,6,morning,2026-04-05 06:45:00.000000,2026-04-05 09:18:32.400000,153.54,100.0,22,False,1,False,False
ORT_0008,IN,2026-04-05,7,morning,2026-04-05 07:00:00.000000,2026-04-05 07:52:17.400000,52.29,81.82,18,False,1,False,False
MIX_0002,MIXED,2026-04-05,8,morning,2026-04-05 08:00:00.000000,2026-04-05 09:49:37.200000,109.62,100.0,24,False,1,False,False
ORT_0242,OUT,2026-04-05,9,morning,2026-04-05 09:00:00.000000,2026-04-05 11:38:49.200000,158.82,18.18,4,False,1,False,False
ORT_0013,IN,2026-04-05,10,morning,2026-04-05 09:15:00.000000,2026-04-05 10:35:37.200000,80.62,72.73,16,False,1,False,False
ORT_0012,IN,2026-04-05,11,morning,2026-04-05 09:30:00.000000,2026-04-05 11:20:04.200000,110.07,100.0,22,False,1,False,False
MIX_0003,MIXED,2026-04-05,12,morning,2026-04-05 09:30:00.000000,2026-04-05 11:29:13.200000,119.22,90.91,22,False,1,False,False
ORT_0011,IN,2026-04-05,13,morning,2026-04-05 09:30:00.000000,2026-04-05 11:18:35.400000,108.59,95.45,21,False,1,False,False
ORT_0009,IN,2026-04-05,8,morning,2026-04-05 10:45:00.000000,2026-04-05 11:21:27.600000,36.46,45.45,10,False,1,False,False
ORT_0015,IN,2026-04-05,10,morning,2026-04-05 11:45:00.000000,2026-04-05 13:14:20.400000,89.34,50.0,11,False,1,False,False
ORT_0016,IN,2026-04-05,1,morning,2026-04-05 12:30:00.000000,2026-04-05 14:20:34.800000,110.58,54.55,12,False,2,True,False
MIX_0005,MIXED,2026-04-05,2,morning,2026-04-05 13:15:00.000000,2026-04-05 17:36:36.600000,261.61,95.45,24,False,2,True,False
MIX_0004,MIXED,2026-04-05,3,morning,2026-04-05 13:15:00.000000,2026-04-05 17:33:19.800000,258.33,95.45,23,False,2,True,False
ORT_0022,IN,2026-04-05,1,evening,2026-04-05 14:30:00.000000,2026-04-05 19:12:54.600000,282.91,100.0,22,False,1,False,True
ORT_0017,IN,2026-04-05,4,evening,2026-04-05 14:45:00.000000,2026-04-05 16:18:46.200000,93.77,68.18,15,False,1,False,True
ORT_0244,OUT,2026-04-05,5,evening,2026-04-05 15:00:00.000000,2026-04-05 17:06:29.400000,126.49,90.91,20,False,1,False,True
ORT_0245,OUT,2026-04-05,6,evening,2026-04-05 16:00:00.000000,2026-04-05 16:47:15.000000,47.25,45.45,10,False,1,False,True
MIX_0006,MIXED,2026-04-05,7,evening,2026-04-05 16:15:00.000000,2026-04-05 19:56:36.600000,221.61,90.91,28,False,1,False,True
ORT_0028,IN,2026-04-05,8,evening,2026-04-05 16:45:00.000000,2026-04-05 21:22:06.000000,277.1,90.91,20,False,1,False,True
MIX_0007,MIXED,2026-04-05,9,evening,2026-04-05 17:00:00.000000,2026-04-05 18:46:33.000000,106.55,86.36,23,False,1,False,True
MIX_0008,MIXED,2026-04-05,2,evening,2026-04-05 18:00:00.000000,2026-04-05 20:09:15.600000,129.26,100.0,29,False,1,False,True
ORT_0246,OUT,2026-04-05,3,evening,2026-04-05 18:00:00.000000,2026-04-05 22:52:16.800000,292.28,95.45,21,False,1,False,True
ORT_0248,OUT,2026-04-05,10,evening,2026-04-05 18:00:00.000000,2026-04-05 21:40:30.600000,220.51,90.91,20,False,1,False,True
ORT_0247,OUT,2026-04-05,11,evening,2026-04-05 18:00:00.000000,2026-04-05 19:31:17.400000,91.29,81.82,18,False,1,False,True
ORT_0250,OUT,2026-04-05,12,evening,2026-04-05 18:00:00.000000,2026-04-05 19:55:39.000000,115.65,81.82,18,False,1,False,True
ORT_0249,OUT,2026-04-05,13,evening,2026-04-05 18:00:00.000000,2026-04-05 18:20:01.800000,20.03,22.73,5,False,1,False,True
MIX_0009,MIXED,2026-04-05,6,evening,2026-04-05 18:15:00.000000,2026-04-05 20:00:06.000000,105.1,100.0,29,False,1,False,True
MIX_0010,MIXED,2026-04-05,5,evening,2026-04-05 18:30:00.000000,2026-04-05 19:56:10.800000,86.18,81.82,25,False,1,False,True
ORT_0032,IN,2026-04-05,13,evening,2026-04-05 19:00:00.000000,2026-04-05 20:09:11.400000,69.19,100.0,22,False,1,False,True
MIX_0011,MIXED,2026-04-05,4,evening,2026-04-05 19:15:00.000000,2026-04-05 20:29:31.200000,74.52,90.91,23,False,1,False,True
ORT_0036,IN,2026-04-05,1,morning,2026-04-05 19:25:35.897914,2026-04-06 00:29:59.897914,304.4,45.45,10,True,3,True,False
MIX_0012,MIXED,2026-04-05,9,evening,2026-04-05 19:30:00.000000,2026-04-05 21:01:46.200000,91.77,86.36,20,False,1,False,True
ORT_0027,IN,2026-04-05,11,evening,2026-04-05 20:01:17.400000,2026-04-05 21:28:30.600000,87.22,95.45,21,False,1,False,True
ORT_0031,IN,2026-04-05,2,morning,2026-04-05 20:15:00.000000,2026-04-05 21:20:44.400000,65.74,95.45,21,False,2,False,False
ORT_0029,IN,2026-04-05,6,morning,2026-04-05 20:15:00.000000,2026-04-05 21:20:07.200000,65.12,100.0,22,False,2,True,False
ORT_0254,OUT,2026-04-05,5,evening,2026-04-05 20:16:10.800000,2026-04-05 22:03:44.400000,107.56,81.82,18,False,1,False,True
ORT_0252,OUT,2026-04-05,12,evening,2026-04-05 20:25:39.000000,2026-04-06 01:19:58.800000,294.33,63.64,14,False,1,False,True
ORT_0251,OUT,2026-04-05,7,evening,2026-04-05 20:26:36.600000,2026-04-05 21:43:29.400000,76.88,54.55,12,False,1,False,True
ORT_0253,OUT,2026-04-05,13,evening,2026-04-05 20:29:11.400000,2026-04-05 20:49:54.600000,20.72,9.09,2,False,1,False,True
MIX_0013,MIXED,2026-04-05,4,morning,2026-04-05 20:30:00.000000,2026-04-05 21:33:24.600000,63.41,72.73,17,False,2,True,False
ORT_0034,IN,2026-04-05,13,evening,2026-04-05 21:04:54.600000,2026-04-05 21:44:45.600000,39.85,90.91,20,True,1,False,True
ORT_0256,OUT,2026-04-05,2,evening,2026-04-05 23:00:00.000000,2026-04-05 23:39:31.800000,39.53,45.45,10,False,1,False,True
ORT_0255,OUT,2026-04-05,4,evening,2026-04-05 23:30:00.000000,2026-04-06 00:41:13.800000,71.23,77.27,17,False,2,True,True
ORT_0258,OUT,2026-04-06,1,morning,2026-04-06 00:30:00.000000,2026-04-06 02:04:09.600000,94.16,95.45,21,False,1,False,False
ORT_0259,OUT,2026-04-06,2,morning,2026-04-06 00:30:00.000000,2026-04-06 00:53:18.000000,23.3,27.27,6,False,1,False,False
ORT_0257,OUT,2026-04-06,3,morning,2026-04-06 01:30:00.000000,2026-04-06 03:29:51.600000,119.86,86.36,19,False,1,False,False
ORT_0262,OUT,2026-04-06,4,morning,2026-04-06 02:00:00.000000,2026-04-06 06:37:30.600000,277.51,100.0,22,False,1,False,False
ORT_0260,OUT,2026-04-06,5,morning,2026-04-06 03:00:00.000000,2026-04-06 07:21:13.200000,261.22,100.0,22,False,1,False,False
ORT_0261,OUT,2026-04-06,6,morning,2026-04-06 03:00:00.000000,2026-04-06 04:13:04.800000,73.08,95.45,21,False,1,False,False
ORT_0263,OUT,2026-04-06,7,morning,2026-04-06 03:00:00.000000,2026-04-06 06:16:37.800000,196.63,95.45,21,False,1,False,False
ORT_0264,OUT,2026-04-06,8,morning,2026-04-06 03:00:00.000000,2026-04-06 03:52:56.400000,52.94,95.45,21,False,1,False,False
ORT_0265,OUT,2026-04-06,9,morning,2026-04-06 03:30:00.000000,2026-04-06 04:38:40.800000,68.68,95.45,21,False,1,False,False
ORT_0040,IN,2026-04-06,10,morning,2026-04-06 03:45:00.000000,2026-04-06 08:44:20.400000,299.34,90.91,20,False,1,False,False
ORT_0268,OUT,2026-04-06,11,morning,2026-04-06 04:00:00.000000,2026-04-06 06:05:16.800000,125.28,100.0,22,False,1,False,False
ORT_0037,IN,2026-04-06,12,morning,2026-04-06 04:00:00.000000,2026-04-06 04:11:20.400000,11.34,9.09,2,False,1,False,False
ORT_0273,OUT,2026-04-06,13,morning,2026-04-06 04:15:00.000000,2026-04-06 04:51:13.800000,36.23,86.36,19,False,1,False,False
ORT_0038,IN,2026-04-06,12,morning,2026-04-06 04:30:00.000000,2026-04-06 06:19:19.200000,109.32,59.09,13,False,1,False,False
ORT_0274,OUT,2026-04-06,3,morning,2026-04-06 05:00:00.000000,2026-04-06 05:21:21.600000,21.36,54.55,12,False,1,False,False
ORT_0270,OUT,2026-04-06,6,morning,2026-04-06 05:00:00.000000,2026-04-06 05:59:00.000000,59.0,100.0,22,False,1,False,False
ORT_0271,OUT,2026-04-06,8,morning,2026-04-06 05:00:00.000000,2026-04-06 05:49:24.000000,49.4,95.45,21,False,1,False,False
ORT_0266,OUT,2026-04-06,9,morning,2026-04-06 05:00:00.000000,2026-04-06 09:27:13.800000,267.23,100.0,22,False,1,False,False
ORT_0269,OUT,2026-04-06,1,morning,2026-04-06 05:30:00.000000,2026-04-06 07:07:19.200000,97.32,95.45,21,False,1,False,False
ORT_0272,OUT,2026-04-06,2,morning,2026-04-06 05:30:00.000000,2026-04-06 06:18:36.600000,48.61,72.73,16,False,1,False,False
ORT_0267,OUT,2026-04-06,13,morning,2026-04-06 05:30:00.000000,2026-04-06 06:53:28.800000,83.48,100.0,22,False,1,False,False
ORT_0276,OUT,2026-04-06,3,morning,2026-04-06 06:30:00.000000,2026-04-06 07:59:37.800000,89.63,54.55,12,False,1,False,False
MIX_0014,MIXED,2026-04-06,6,morning,2026-04-06 06:30:00.000000,2026-04-06 09:04:19.200000,154.32,100.0,24,False,1,False,False
ORT_0275,OUT,2026-04-06,8,morning,2026-04-06 06:30:00.000000,2026-04-06 11:08:26.400000,278.44,54.55,12,False,1,False,False
ORT_0044,IN,2026-04-06,11,morning,2026-04-06 06:45:00.000000,2026-04-06 11:23:29.400000,278.49,100.0,22,False,1,False,False
ORT_0039,IN,2026-04-06,12,morning,2026-04-06 07:00:00.000000,2026-04-06 09:14:39.000000,134.65,100.0,22,False,1,False,False
ORT_0046,IN,2026-04-06,13,morning,2026-04-06 07:30:00.000000,2026-04-06 11:27:58.200000,237.97,100.0,22,False,1,False,False
MIX_0015,MIXED,2026-04-06,7,morning,2026-04-06 07:45:00.000000,2026-04-06 09:42:18.000000,117.3,100.0,23,False,1,False,False
ORT_0277,OUT,2026-04-06,5,morning,2026-04-06 08:00:00.000000,2026-04-06 11:09:58.800000,189.98,31.82,7,False,1,False,False
ORT_0041,IN,2026-04-06,4,morning,2026-04-06 08:30:00.000000,2026-04-06 09:24:48.000000,54.8,77.27,17,False,1,False,False
MIX_0016,MIXED,2026-04-06,10,morning,2026-04-06 09:30:00.000000,2026-04-06 11:36:55.200000,126.92,100.0,24,False,1,False,False
ORT_0045,IN,2026-04-06,9,morning,2026-04-06 10:00:00.000000,2026-04-06 11:56:24.000000,116.4,100.0,22,True,1,False,False
ORT_0048,IN,2026-04-06,12,morning,2026-04-06 10:00:00.000000,2026-04-06 11:09:32.400000,69.54,86.36,19,False,1,False,False
ORT_0279,OUT,2026-04-06,1,morning,2026-04-06 12:00:00.000000,2026-04-06 15:38:22.800000,218.38,4.55,1,False,2,True,False
ORT_0050,IN,2026-04-06,2,morning,2026-04-06 12:30:00.000000,2026-04-06 14:20:34.800000,110.58,72.73,16,False,2,True,False
ORT_0051,IN,2026-04-06,4,morning,2026-04-06 13:15:00.000000,2026-04-06 17:15:02.400000,240.04,54.55,12,False,2,True,False
MIX_0017,MIXED,2026-04-06,6,morning,2026-04-06 13:30:00.000000,2026-04-06 18:14:50.400000,284.84,100.0,29,False,2,True,False
ORT_0056,IN,2026-04-06,2,evening,2026-04-06 14:30:00.000000,2026-04-06 19:29:41.400000,299.69,100.0,22,False,1,False,True
ORT_0052,IN,2026-04-06,3,evening,2026-04-06 15:30:00.000000,2026-04-06 17:11:12.600000,101.21,90.91,20,False,1,False,True
ORT_0280,OUT,2026-04-06,1,evening,2026-04-06 16:00:00.000000,2026-04-06 17:56:04.800000,116.08,90.91,20,False,1,False,True
ORT_0060,IN,2026-04-06,5,evening,2026-04-06 16:45:00.000000,2026-04-06 21:17:04.800000,272.08,90.91,20,False,1,False,True
MIX_0018,MIXED,2026-04-06,7,evening,2026-04-06 17:00:00.000000,2026-04-06 19:52:24.600000,172.41,100.0,28,False,1,False,True
MIX_0019,MIXED,2026-04-06,8,evening,2026-04-06 17:15:00.000000,2026-04-06 18:25:58.800000,70.98,100.0,25,False,1,False,True
ORT_0281,OUT,2026-04-06,9,evening,2026-04-06 17:15:00.000000,2026-04-06 19:01:01.200000,106.02,63.64,14,False,1,False,True
ORT_0284,OUT,2026-04-06,4,evening,2026-04-06 18:00:00.000000,2026-04-06 19:42:09.000000,102.15,86.36,19,False,1,False,True
ORT_0286,OUT,2026-04-06,10,evening,2026-04-06 18:00:00.000000,2026-04-06 21:18:11.400000,198.19,81.82,18,False,1,False,True
ORT_0285,OUT,2026-04-06,11,evening,2026-04-06 18:00:00.000000,2026-04-06 19:42:18.000000,102.3,68.18,15,False,1,False,True
ORT_0283,OUT,2026-04-06,12,evening,2026-04-06 18:00:00.000000,2026-04-06 18:59:41.400000,59.69,50.0,11,False,1,False,True
ORT_0053,IN,2026-04-06,13,evening,2026-04-06 18:00:00.000000,2026-04-06 18:09:10.800000,9.18,13.64,3,False,1,False,True
MIX_0020,MIXED,2026-04-06,6,evening,2026-04-06 18:30:00.000000,2026-04-06 20:01:04.200000,91.07,90.91,28,False,1,False,True
ORT_0065,IN,2026-04-06,13,evening,2026-04-06 18:30:00.000000,2026-04-06 20:12:45.000000,102.75,100.0,22,False,1,False,True
MIX_0021,MIXED,2026-04-06,1,evening,2026-04-06 18:45:00.000000,2026-04-06 20:30:57.600000,105.96,100.0,23,False,1,False,True
ORT_0068,IN,2026-04-06,8,evening,2026-04-06 19:15:00.000000,2026-04-06 22:18:58.200000,183.97,9.09,2,False,1,False,True
ORT_0282,OUT,2026-04-06,3,evening,2026-04-06 19:30:00.000000,2026-04-07 00:13:01.200000,283.02,90.91,20,False,1,False,True
MIX_0022,MIXED,2026-04-06,12,evening,2026-04-06 19:30:00.000000,2026-04-06 20:28:19.800000,58.33,100.0,25,False,1,False,True
ORT_0061,IN,2026-04-06,9,evening,2026-04-06 19:31:01.200000,2026-04-06 20:36:49.200000,65.8,86.36,19,False,1,False,True
MIX_0023,MIXED,2026-04-06,2,morning,2026-04-06 19:45:00.000000,2026-04-06 21:24:00.000000,99.0,100.0,23,False,3,True,False
ORT_0290,OUT,2026-04-06,4,evening,2026-04-06 20:12:09.000000,2026-04-06 22:02:48.000000,110.65,90.91,20,False,1,False,True
ORT_0289,OUT,2026-04-06,11,evening,2026-04-06 20:12:18.000000,2026-04-06 22:02:12.600000,109.91,81.82,18,False,1,False,True
ORT_0063,IN,2026-04-06,13,morning,2026-04-06 20:15:00.000000,2026-04-06 21:20:07.200000,65.12,100.0,22,False,2,True,False
ORT_0287,OUT,2026-04-06,7,evening,2026-04-06 20:22:24.600000,2026-04-07 01:16:44.400000,294.33,59.09,13,False,1,False,True
ORT_0288,OUT,2026-04-06,6,evening,2026-04-06 20:31:04.200000,2026-04-06 21:15:06.000000,44.03,18.18,4,False,1,False,True
ORT_0067,IN,2026-04-06,1,morning,2026-04-06 20:45:00.000000,2026-04-06 21:49:06.600000,64.11,90.91,20,True,3,True,False
ORT_0059,IN,2026-04-06,9,evening,2026-04-06 20:56:49.200000,2026-04-06 21:54:39.600000,57.84,90.91,20,True,1,False,True
ORT_0069,IN,2026-04-06,12,evening,2026-04-06 21:15:00.000000,2026-04-07 00:25:25.200000,190.42,31.82,7,False,1,False,True
ORT_0291,OUT,2026-04-06,2,evening,2026-04-06 23:00:00.000000,2026-04-07 00:08:43.200000,68.72,63.64,14,False,2,True,True
ORT_0292,OUT,2026-04-06,13,evening,2026-04-06 23:30:00.000000,2026-04-07 00:27:49.200000,57.82,100.0,22,False,2,True,True
ORT_0293,OUT,2026-04-07,1,morning,2026-04-07 00:30:00.000000,2026-04-07 04:54:52.200000,264.87,100.0,22,False,1,False,False
ORT_0294,OUT,2026-04-07,2,morning,2026-04-07 01:30:00.000000,2026-04-07 03:08:58.200000,98.97,95.45,21,False,1,False,False
ORT_0298,OUT,2026-04-07,3,morning,2026-04-07 02:00:00.000000,2026-04-07 06:27:07.200000,267.12,90.91,20,False,1,False,False
ORT_0296,OUT,2026-04-07,4,morning,2026-04-07 03:00:00.000000,2026-04-07 06:23:52.200000,203.87,100.0,22,False,1,False,False
ORT_0300,OUT,2026-04-07,5,morning,2026-04-07 03:00:00.000000,2026-04-07 04:13:57.000000,73.95,90.91,20,False,1,False,False
ORT_0295,OUT,2026-04-07,6,morning,2026-04-07 03:00:00.000000,2026-04-07 03:30:09.600000,30.16,54.55,12,False,1,False,False
ORT_0297,OUT,2026-04-07,7,morning,2026-04-07 03:15:00.000000,2026-04-07 04:21:12.000000,66.2,100.0,22,False,1,False,False
ORT_0299,OUT,2026-04-07,8,morning,2026-04-07 03:15:00.000000,2026-04-07 07:25:17.400000,250.29,90.91,20,False,1,False,False
ORT_0073,IN,2026-04-07,9,morning,2026-04-07 03:45:00.000000,2026-04-07 08:42:49.800000,297.83,100.0,22,False,1,False,False
ORT_0306,OUT,2026-04-07,10,morning,2026-04-07 04:00:00.000000,2026-04-07 05:11:35.400000,71.59,95.45,21,False,1,False,False
ORT_0070,IN,2026-04-07,11,morning,2026-04-07 04:00:00.000000,2026-04-07 04:11:20.400000,11.34,9.09,2,False,1,False,False
ORT_0308,OUT,2026-04-07,12,morning,2026-04-07 04:15:00.000000,2026-04-07 04:48:19.200000,33.32,86.36,19,False,1,False,False
ORT_0071,IN,2026-04-07,13,morning,2026-04-07 04:30:00.000000,2026-04-07 06:19:19.200000,109.32,59.09,13,False,1,False,False
ORT_0303,OUT,2026-04-07,7,morning,2026-04-07 05:00:00.000000,2026-04-07 05:49:24.000000,49.4,81.82,18,False,1,False,False
ORT_0307,OUT,2026-04-07,11,morning,2026-04-07 05:00:00.000000,2026-04-07 05:50:22.200000,50.37,86.36,19,False,1,False,False
ORT_0301,OUT,2026-04-07,5,morning,2026-04-07 05:15:00.000000,2026-04-07 07:15:15.000000,120.25,90.91,20,False,1,False,False
ORT_0080,IN,2026-04-07,12,morning,2026-04-07 05:15:00.000000,2026-04-07 09:44:55.800000,269.93,100.0,22,False,1,False,False
ORT_0305,OUT,2026-04-07,1,morning,2026-04-07 05:30:00.000000,2026-04-07 10:03:18.000000,273.3,100.0,22,False,1,False,False
ORT_0304,OUT,2026-04-07,2,morning,2026-04-07 05:30:00.000000,2026-04-07 06:54:16.200000,84.27,100.0,22,False,1,False,False
ORT_0302,OUT,2026-04-07,6,morning,2026-04-07 05:30:00.000000,2026-04-07 07:02:30.600000,92.51,100.0,22,False,1,False,False
MIX_0024,MIXED,2026-04-07,10,morning,2026-04-07 05:45:00.000000,2026-04-07 07:47:24.000000,122.4,100.0,23,False,1,False,False
ORT_0309,OUT,2026-04-07,7,morning,2026-04-07 06:30:00.000000,2026-04-07 10:36:55.800000,246.93,54.55,12,False,1,False,False
ORT_0310,OUT,2026-04-07,11,morning,2026-04-07 06:30:00.000000,2026-04-07 07:59:37.800000,89.63,59.09,13,False,1,False,False
ORT_0072,IN,2026-04-07,3,morning,2026-04-07 07:30:00.000000,2026-04-07 09:17:08.400000,107.14,90.91,20,False,1,False,False
MIX_0025,MIXED,2026-04-07,4,morning,2026-04-07 07:30:00.000000,2026-04-07 09:39:27.000000,129.45,90.91,22,False,1,False,False
MIX_0026,MIXED,2026-04-07,13,morning,2026-04-07 07:30:00.000000,2026-04-07 11:27:18.600000,237.31,100.0,24,False,1,False,False
ORT_0082,IN,2026-04-07,11,morning,2026-04-07 08:19:37.800000,2026-04-07 13:04:16.800000,284.65,59.09,13,True,1,False,False
ORT_0076,IN,2026-04-07,10,morning,2026-04-07 08:30:00.000000,2026-04-07 09:18:25.800000,48.43,81.82,18,False,1,False,False
ORT_0081,IN,2026-04-07,5,morning,2026-04-07 09:30:00.000000,2026-04-07 11:27:31.200000,117.52,100.0,22,False,1,False,False
ORT_0079,IN,2026-04-07,6,morning,2026-04-07 09:30:00.000000,2026-04-07 11:09:01.800000,99.03,95.45,21,False,1,False,False
ORT_0077,IN,2026-04-07,9,morning,2026-04-07 09:30:00.000000,2026-04-07 11:21:13.800000,111.23,100.0,22,False,1,False,False
ORT_0311,OUT,2026-04-07,10,morning,2026-04-07 09:38:25.800000,2026-04-07 13:14:06.600000,215.68,31.82,7,False,1,False,False
ORT_0083,IN,2026-04-07,2,morning,2026-04-07 12:30:00.000000,2026-04-07 14:20:34.800000,110.58,68.18,15,False,2,True,False
ORT_0084,IN,2026-04-07,1,morning,2026-04-07 13:15:00.000000,2026-04-07 17:15:02.400000,240.04,54.55,12,False,2,True,False
MIX_0027,MIXED,2026-04-07,3,morning,2026-04-07 13:30:00.000000,2026-04-07 18:06:33.000000,276.55,86.36,27,False,2,True,False
ORT_0087,IN,2026-04-07,2,evening,2026-04-07 14:30:00.000000,2026-04-07 19:28:22.200000,298.37,100.0,22,False,1,False,True
ORT_0314,OUT,2026-04-07,4,evening,2026-04-07 15:00:00.000000,2026-04-07 17:06:29.400000,126.49,90.91,20,False,1,False,True
MIX_0028,MIXED,2026-04-07,5,evening,2026-04-07 15:30:00.000000,2026-04-07 18:04:16.200000,154.27,100.0,28,False,1,False,True
ORT_0315,OUT,2026-04-07,6,evening,2026-04-07 16:00:00.000000,2026-04-07 16:47:15.000000,47.25,40.91,9,False,1,False,True
ORT_0093,IN,2026-04-07,7,evening,2026-04-07 16:30:00.000000,2026-04-07 21:19:04.200000,289.07,100.0,22,False,1,False,True
ORT_0319,OUT,2026-04-07,8,evening,2026-04-07 17:00:00.000000,2026-04-07 19:40:14.400000,160.24,95.45,21,False,1,False,True
ORT_0320,OUT,2026-04-07,9,evening,2026-04-07 17:00:00.000000,2026-04-07 18:22:58.800000,82.98,59.09,13,False,1,False,True
MIX_0029,MIXED,2026-04-07,10,evening,2026-04-07 17:15:00.000000,2026-04-07 19:54:16.800000,159.28,90.91,27,False,1,False,True
MIX_0030,MIXED,2026-04-07,1,evening,2026-04-07 17:30:00.000000,2026-04-07 18:37:38.400000,67.64,95.45,24,False,1,False,True
ORT_0091,IN,2026-04-07,11,evening,2026-04-07 17:45:00.000000,2026-04-07 18:07:54.600000,22.91,45.45,10,False,1,False,True
ORT_0088,IN,2026-04-07,12,evening,2026-04-07 18:00:00.000000,2026-04-07 19:08:20.400000,68.34,100.0,22,False,1,False,True
ORT_0316,OUT,2026-04-07,13,evening,2026-04-07 18:00:00.000000,2026-04-07 19:51:55.200000,111.92,90.91,20,False,1,False,True
MIX_0031,MIXED,2026-04-07,3,evening,2026-04-07 18:30:00.000000,2026-04-07 20:23:16.200000,113.27,100.0,25,False,1,False,True
ORT_0317,OUT,2026-04-07,11,evening,2026-04-07 18:30:00.000000,2026-04-07 23:27:36.000000,297.6,95.45,21,False,1,False,True
ORT_0095,IN,2026-04-07,1,evening,2026-04-07 19:00:00.000000,2026-04-07 20:22:47.400000,82.79,100.0,22,False,1,False,True
ORT_0322,OUT,2026-04-07,6,evening,2026-04-07 19:00:00.000000,2026-04-07 20:16:42.600000,76.71,40.91,9,False,1,False,True
ORT_0321,OUT,2026-04-07,9,evening,2026-04-07 19:00:00.000000,2026-04-07 23:59:28.800000,299.48,81.82,18,False,1,False,True
ORT_0101,IN,2026-04-07,5,evening,2026-04-07 19:15:00.000000,2026-04-07 22:18:58.200000,183.97,9.09,2,False,1,False,True
ORT_0099,IN,2026-04-07,4,evening,2026-04-07 19:30:00.000000,2026-04-07 20:09:03.600000,39.06,86.36,19,False,1,False,True
ORT_0098,IN,2026-04-07,12,evening,2026-04-07 19:30:00.000000,2026-04-07 20:46:38.400000,76.64,100.0,22,False,1,False,True
MIX_0032,MIXED,2026-04-07,2,morning,2026-04-07 19:45:00.000000,2026-04-07 21:30:01.200000,105.02,100.0,23,False,3,True,False
MIX_0033,MIXED,2026-04-07,8,evening,2026-04-07 20:15:00.000000,2026-04-07 21:37:37.200000,82.62,95.45,22,False,1,False,True
ORT_0323,OUT,2026-04-07,4,evening,2026-04-07 20:30:00.000000,2026-04-07 22:24:12.000000,114.2,95.45,21,False,1,False,True
ORT_0097,IN,2026-04-07,10,evening,2026-04-07 20:30:00.000000,2026-04-07 21:29:52.200000,59.87,95.45,21,False,1,False,True
ORT_0324,OUT,2026-04-07,13,evening,2026-04-07 20:30:00.000000,2026-04-07 22:28:47.400000,118.79,100.0,22,False,1,False,True
ORT_0100,IN,2026-04-07,1,evening,2026-04-07 20:45:00.000000,2026-04-07 21:24:50.400000,39.84,68.18,15,False,1,False,True
ORT_0102,IN,2026-04-07,3,evening,2026-04-07 21:15:00.000000,2026-04-08 00:25:25.200000,190.42,27.27,6,False,1,False,True
ORT_0326,OUT,2026-04-08,1,evening,2026-04-08 00:00:00.000000,2026-04-08 04:18:52.800000,258.88,100.0,22,False,1,False,True
ORT_0327,OUT,2026-04-08,2,evening,2026-04-08 00:30:00.000000,2026-04-08 02:05:42.600000,95.71,100.0,22,False,1,False,True
ORT_0328,OUT,2026-04-08,3,morning,2026-04-08 01:00:00.000000,2026-04-08 05:06:21.600000,246.36,86.36,19,False,1,False,False
ORT_0329,OUT,2026-04-08,4,morning,2026-04-08 01:30:00.000000,2026-04-08 03:07:42.600000,97.71,81.82,18,False,1,False,False
ORT_0332,OUT,2026-04-08,2,morning,2026-04-08 03:00:00.000000,2026-04-08 03:58:06.000000,58.1,100.0,22,False,1,False,False
ORT_0330,OUT,2026-04-08,5,morning,2026-04-08 03:00:00.000000,2026-04-08 04:16:26.400000,76.44,95.45,21,False,1,False,False
ORT_0331,OUT,2026-04-08,6,morning,2026-04-08 03:00:00.000000,2026-04-08 07:16:10.200000,256.17,90.91,20,False,1,False,False
ORT_0333,OUT,2026-04-08,7,morning,2026-04-08 03:00:00.000000,2026-04-08 07:58:36.000000,298.6,90.91,20,False,1,False,False
ORT_0335,OUT,2026-04-08,8,morning,2026-04-08 03:00:00.000000,2026-04-08 03:56:47.400000,56.79,90.91,20,False,1,False,False
ORT_0334,OUT,2026-04-08,9,morning,2026-04-08 04:00:00.000000,2026-04-08 05:57:50.400000,117.84,95.45,21,False,1,False,False
ORT_0103,IN,2026-04-08,10,morning,2026-04-08 04:00:00.000000,2026-04-08 04:11:20.400000,11.34,9.09,2,False,1,False,False
ORT_0105,IN,2026-04-08,11,morning,2026-04-08 04:15:00.000000,2026-04-08 09:09:51.000000,294.85,100.0,22,False,1,False,False
ORT_0104,IN,2026-04-08,1,morning,2026-04-08 04:30:00.000000,2026-04-08 06:19:19.200000,109.32,59.09,13,False,1,False,False
ORT_0343,OUT,2026-04-08,2,morning,2026-04-08 05:00:00.000000,2026-04-08 05:36:15.000000,36.25,86.36,19,False,1,False,False
ORT_0339,OUT,2026-04-08,10,morning,2026-04-08 05:00:00.000000,2026-04-08 06:22:49.800000,82.83,90.91,20,False,1,False,False
ORT_0115,IN,2026-04-08,12,morning,2026-04-08 05:00:00.000000,2026-04-08 09:41:31.200000,281.52,100.0,22,False,1,False,False
ORT_0342,OUT,2026-04-08,13,morning,2026-04-08 05:00:00.000000,2026-04-08 05:59:07.200000,59.12,95.45,21,False,1,False,False
ORT_0336,OUT,2026-04-08,5,morning,2026-04-08 05:15:00.000000,2026-04-08 06:03:25.200000,48.42,77.27,17,False,1,False,False
ORT_0337,OUT,2026-04-08,8,morning,2026-04-08 05:45:00.000000,2026-04-08 06:50:48.000000,65.8,90.91,20,False,1,False,False
ORT_0107,IN,2026-04-08,2,morning,2026-04-08 06:00:00.000000,2026-04-08 09:17:28.800000,197.48,100.0,22,False,1,False,False
ORT_0344,OUT,2026-04-08,4,morning,2026-04-08 06:00:00.000000,2026-04-08 06:26:21.600000,26.36,59.09,13,False,1,False,False
ORT_0109,IN,2026-04-08,3,morning,2026-04-08 06:15:00.000000,2026-04-08 07:33:45.000000,78.75,100.0,22,False,1,False,False
ORT_0341,OUT,2026-04-08,5,morning,2026-04-08 06:30:00.000000,2026-04-08 11:02:16.200000,272.27,100.0,22,False,1,False,False
ORT_0340,OUT,2026-04-08,9,morning,2026-04-08 06:30:00.000000,2026-04-08 08:12:18.000000,102.3,100.0,22,False,1,False,False
ORT_0338,OUT,2026-04-08,13,morning,2026-04-08 06:30:00.000000,2026-04-08 09:30:52.200000,180.87,100.0,22,False,1,False,False
ORT_0106,IN,2026-04-08,1,morning,2026-04-08 07:00:00.000000,2026-04-08 09:29:46.200000,149.77,100.0,22,False,1,False,False
MIX_0034,MIXED,2026-04-08,10,morning,2026-04-08 07:15:00.000000,2026-04-08 11:31:03.000000,256.05,100.0,24,False,1,False,False
MIX_0035,MIXED,2026-04-08,8,morning,2026-04-08 07:45:00.000000,2026-04-08 09:35:30.000000,110.5,100.0,24,False,1,False,False
ORT_0116,IN,2026-04-08,9,morning,2026-04-08 08:42:18.000000,2026-04-08 13:29:43.200000,287.42,59.09,13,False,1,False,False
ORT_0111,IN,2026-04-08,4,morning,2026-04-08 09:30:00.000000,2026-04-08 09:43:54.000000,13.9,22.73,5,False,1,False,False
ORT_0114,IN,2026-04-08,6,morning,2026-04-08 09:30:00.000000,2026-04-08 11:18:46.800000,108.78,95.45,21,False,1,False,False
ORT_0110,IN,2026-04-08,11,morning,2026-04-08 09:45:00.000000,2026-04-08 11:16:14.400000,91.24,100.0,22,False,1,False,False
ORT_0112,IN,2026-04-08,2,morning,2026-04-08 09:47:28.800000,2026-04-08 11:12:03.000000,84.57,95.45,21,False,1,False,False
ORT_0345,OUT,2026-04-08,13,morning,2026-04-08 10:00:52.200000,2026-04-08 13:25:27.600000,204.59,31.82,7,True,1,False,False
ORT_0117,IN,2026-04-08,1,morning,2026-04-08 12:30:00.000000,2026-04-08 14:20:34.800000,110.58,68.18,15,False,2,True,False
MIX_0036,MIXED,2026-04-08,3,morning,2026-04-08 13:15:00.000000,2026-04-08 17:33:15.600000,258.26,95.45,23,False,2,True,False
MIX_0037,MIXED,2026-04-08,4,morning,2026-04-08 13:30:00.000000,2026-04-08 18:12:37.800000,282.63,100.0,30,False,2,True,False
ORT_0119,IN,2026-04-08,1,evening,2026-04-08 14:30:00.000000,2026-04-08 16:12:43.800000,102.73,68.18,15,False,2,True,True
ORT_0120,IN,2026-04-08,2,evening,2026-04-08 15:00:00.000000,2026-04-08 19:26:45.000000,266.75,100.0,22,False,2,True,True
ORT_0348,OUT,2026-04-08,5,evening,2026-04-08 15:00:00.000000,2026-04-08 17:12:28.800000,132.48,100.0,22,False,1,False,True
MIX_0038,MIXED,2026-04-08,6,evening,2026-04-08 16:00:00.000000,2026-04-08 19:55:11.400000,235.19,95.45,29,False,1,False,True
ORT_0349,OUT,2026-04-08,7,evening,2026-04-08 16:00:00.000000,2026-04-08 16:47:15.000000,47.25,45.45,10,False,1,False,True
ORT_0126,IN,2026-04-08,8,evening,2026-04-08 16:45:00.000000,2026-04-08 21:22:04.800000,277.08,100.0,22,False,1,False,True
ORT_0350,OUT,2026-04-08,9,evening,2026-04-08 17:00:00.000000,2026-04-08 21:37:15.000000,277.25,77.27,17,False,1,False,True
MIX_0039,MIXED,2026-04-08,10,evening,2026-04-08 17:15:00.000000,2026-04-08 18:31:03.000000,76.05,100.0,25,False,1,False,True
ORT_0121,IN,2026-04-08,3,evening,2026-04-08 18:00:00.000000,2026-04-08 19:09:42.000000,69.7,100.0,22,False,1,False,True
ORT_0354,OUT,2026-04-08,11,evening,2026-04-08 18:00:00.000000,2026-04-08 20:01:06.600000,121.11,100.0,22,False,1,False,True
ORT_0351,OUT,2026-04-08,12,evening,2026-04-08 18:00:00.000000,2026-04-08 19:17:58.800000,77.98,54.55,12,False,1,False,True
ORT_0353,OUT,2026-04-08,13,evening,2026-04-08 18:00:00.000000,2026-04-08 19:05:00.600000,65.01,54.55,12,False,1,False,True
ORT_0132,IN,2026-04-08,4,evening,2026-04-08 18:30:00.000000,2026-04-08 20:12:45.000000,102.75,100.0,22,False,1,False,True
ORT_0352,OUT,2026-04-08,7,evening,2026-04-08 18:30:00.000000,2026-04-08 21:41:37.800000,191.63,81.82,18,False,1,False,True
ORT_0131,IN,2026-04-08,5,evening,2026-04-08 18:45:00.000000,2026-04-08 20:12:13.800000,87.23,100.0,22,False,1,False,True
ORT_0356,OUT,2026-04-08,1,evening,2026-04-08 19:00:00.000000,2026-04-08 22:28:12.600000,208.21,72.73,16,False,2,False,True
ORT_0355,OUT,2026-04-08,10,evening,2026-04-08 19:00:00.000000,2026-04-08 23:42:58.200000,282.97,77.27,17,False,1,False,True
ORT_0129,IN,2026-04-08,13,evening,2026-04-08 19:25:00.600000,2026-04-08 20:19:22.800000,54.37,100.0,22,False,1,False,True
ORT_0127,IN,2026-04-08,3,evening,2026-04-08 19:30:00.000000,2026-04-08 20:49:52.800000,79.88,95.45,21,False,1,False,True
ORT_0133,IN,2026-04-08,12,evening,2026-04-08 19:37:58.800000,2026-04-08 20:17:00.600000,39.03,81.82,18,False,1,False,True
ORT_0135,IN,2026-04-08,2,morning,2026-04-08 19:45:00.000000,2026-04-08 22:18:46.200000,153.77,4.55,1,False,2,True,False
ORT_0128,IN,2026-04-08,6,morning,2026-04-08 20:00:00.000000,2026-04-08 21:16:21.600000,76.36,90.91,20,False,2,True,False
MIX_0040,MIXED,2026-04-08,4,morning,2026-04-08 20:15:00.000000,2026-04-08 20:45:18.000000,30.3,50.0,14,True,2,False,False
MIX_0042,MIXED,2026-04-08,5,morning,2026-04-08 20:15:00.000000,2026-04-08 21:30:09.000000,75.15,100.0,23,False,2,True,False
MIX_0041,MIXED,2026-04-08,11,morning,2026-04-08 20:15:00.000000,2026-04-08 21:34:51.000000,79.85,86.36,20,False,2,True,False
ORT_0357,OUT,2026-04-08,12,evening,2026-04-08 20:32:00.600000,2026-04-08 22:12:31.200000,100.51,100.0,22,False,1,False,True
ORT_0358,OUT,2026-04-08,13,evening,2026-04-08 20:39:22.800000,2026-04-08 22:39:48.600000,120.43,100.0,22,False,1,False,True
ORT_0136,IN,2026-04-08,4,evening,2026-04-08 21:15:00.000000,2026-04-09 00:25:25.200000,190.42,40.91,9,False,1,False,True
ORT_0359,OUT,2026-04-08,3,evening,2026-04-08 22:00:00.000000,2026-04-09 01:38:22.200000,218.37,4.55,1,False,1,False,True
ORT_0362,OUT,2026-04-09,1,evening,2026-04-09 00:00:00.000000,2026-04-09 00:29:52.200000,29.87,59.09,13,False,1,False,True
ORT_0361,OUT,2026-04-09,2,evening,2026-04-09 00:30:00.000000,2026-04-09 01:48:12.000000,78.2,81.82,18,False,1,False,True
ORT_0360,OUT,2026-04-09,3,evening,2026-04-09 00:30:00.000000,2026-04-09 02:13:22.800000,103.38,68.18,15,False,1,False,True
ORT_0363,OUT,2026-04-09,1,morning,2026-04-09 01:30:00.000000,2026-04-09 05:36:10.800000,246.18,86.36,19,False,1,False,False
ORT_0364,OUT,2026-04-09,4,morning,2026-04-09 01:30:00.000000,2026-04-09 03:07:42.600000,97.71,86.36,19,False,1,False,False
ORT_0365,OUT,2026-04-09,2,morning,2026-04-09 03:00:00.000000,2026-04-09 07:28:45.600000,268.76,100.0,22,False,1,False,False
ORT_0367,OUT,2026-04-09,3,morning,2026-04-09 03:00:00.000000,2026-04-09 07:51:51.000000,291.85,100.0,22,False,1,False,False
ORT_0366,OUT,2026-04-09,5,morning,2026-04-09 03:00:00.000000,2026-04-09 05:05:38.400000,125.64,90.91,20,False,1,False,False
ORT_0368,OUT,2026-04-09,6,morning,2026-04-09 03:00:00.000000,2026-04-09 03:42:04.200000,42.07,72.73,16,False,1,False,False
ORT_0369,OUT,2026-04-09,7,morning,2026-04-09 03:15:00.000000,2026-04-09 04:15:01.200000,60.02,100.0,22,False,1,False,False
ORT_0141,IN,2026-04-09,8,morning,2026-04-09 03:45:00.000000,2026-04-09 08:41:42.000000,296.7,90.91,20,False,1,False,False
ORT_0137,IN,2026-04-09,9,morning,2026-04-09 04:00:00.000000,2026-04-09 04:11:20.400000,11.34,9.09,2,False,1,False,False
ORT_0370,OUT,2026-04-09,10,morning,2026-04-09 04:30:00.000000,2026-04-09 05:23:34.800000,53.58,77.27,17,False,1,False,False
ORT_0138,IN,2026-04-09,11,morning,2026-04-09 04:30:00.000000,2026-04-09 06:19:19.200000,109.32,59.09,13,False,1,False,False
ORT_0372,OUT,2026-04-09,9,morning,2026-04-09 05:00:00.000000,2026-04-09 06:53:13.200000,113.22,90.91,20,False,1,False,False
ORT_0373,OUT,2026-04-09,12,morning,2026-04-09 05:00:00.000000,2026-04-09 06:38:17.400000,98.29,100.0,22,False,1,False,False
ORT_0376,OUT,2026-04-09,13,morning,2026-04-09 05:00:00.000000,2026-04-09 05:59:04.200000,59.07,100.0,22,False,1,False,False
ORT_0374,OUT,2026-04-09,7,morning,2026-04-09 05:15:00.000000,2026-04-09 06:08:26.400000,53.44,81.82,18,False,1,False,False
ORT_0378,OUT,2026-04-09,4,morning,2026-04-09 05:30:00.000000,2026-04-09 06:17:04.200000,47.07,77.27,17,False,1,False,False
ORT_0144,IN,2026-04-09,6,morning,2026-04-09 05:30:00.000000,2026-04-09 07:40:39.000000,130.65,90.91,20,False,1,False,False
MIX_0043,MIXED,2026-04-09,10,morning,2026-04-09 05:45:00.000000,2026-04-09 10:01:48.600000,256.81,100.0,23,False,1,False,False
ORT_0375,OUT,2026-04-09,5,morning,2026-04-09 06:00:00.000000,2026-04-09 07:05:48.000000,65.8,100.0,22,False,1,False,False
ORT_0379,OUT,2026-04-09,1,morning,2026-04-09 06:15:00.000000,2026-04-09 07:08:25.200000,53.42,95.45,21,False,1,False,False
ORT_0377,OUT,2026-04-09,7,morning,2026-04-09 06:30:00.000000,2026-04-09 07:58:00.600000,88.01,100.0,22,False,1,False,False
ORT_0371,OUT,2026-04-09,13,morning,2026-04-09 06:30:00.000000,2026-04-09 11:07:15.600000,277.26,100.0,22,False,1,False,False
ORT_0143,IN,2026-04-09,4,morning,2026-04-09 06:45:00.000000,2026-04-09 08:44:45.600000,119.76,95.45,21,False,1,False,False
ORT_0146,IN,2026-04-09,11,morning,2026-04-09 06:49:19.200000,2026-04-09 11:21:55.200000,272.6,90.91,20,False,1,False,False
MIX_0044,MIXED,2026-04-09,12,morning,2026-04-09 07:15:00.000000,2026-04-09 09:18:19.800000,123.33,100.0,26,False,1,False,False
ORT_0142,IN,2026-04-09,9,morning,2026-04-09 07:30:00.000000,2026-04-09 09:15:24.600000,105.41,100.0,22,False,1,False,False
ORT_0380,OUT,2026-04-09,2,morning,2026-04-09 08:00:00.000000,2026-04-09 11:09:58.800000,189.98,31.82,7,False,1,False,False
ORT_0139,IN,2026-04-09,7,morning,2026-04-09 09:00:00.000000,2026-04-09 09:08:55.200000,8.92,13.64,3,False,1,False,False
ORT_0147,IN,2026-04-09,8,morning,2026-04-09 09:15:00.000000,2026-04-09 11:16:50.400000,121.84,100.0,22,False,1,False,False
ORT_0148,IN,2026-04-09,3,morning,2026-04-09 09:30:00.000000,2026-04-09 11:07:59.400000,97.99,100.0,22,False,1,False,False
MIX_0045,MIXED,2026-04-09,7,morning,2026-04-09 09:30:00.000000,2026-04-09 11:27:06.000000,117.1,100.0,24,False,1,False,False
ORT_0145,IN,2026-04-09,12,morning,2026-04-09 11:00:00.000000,2026-04-09 11:13:54.000000,13.9,22.73,5,False,1,False,False
ORT_0151,IN,2026-04-09,12,morning,2026-04-09 11:45:00.000000,2026-04-09 13:09:18.600000,84.31,45.45,10,False,1,False,False
ORT_0159,IN,2026-04-09,1,morning,2026-04-09 12:30:00.000000,2026-04-09 17:31:29.400000,301.49,95.45,21,False,2,True,False
ORT_0152,IN,2026-04-09,4,morning,2026-04-09 12:30:00.000000,2026-04-09 14:20:34.800000,110.58,86.36,19,False,2,True,False
MIX_0046,MIXED,2026-04-09,5,morning,2026-04-09 13:15:00.000000,2026-04-09 17:44:46.800000,269.78,90.91,24,False,2,True,False
ORT_0160,IN,2026-04-09,2,evening,2026-04-09 14:00:00.000000,2026-04-09 18:10:52.200000,250.87,95.45,21,False,2,True,True
ORT_0153,IN,2026-04-09,3,evening,2026-04-09 14:45:00.000000,2026-04-09 16:13:45.000000,88.75,77.27,17,False,2,True,True
ORT_0383,OUT,2026-04-09,4,evening,2026-04-09 15:00:00.000000,2026-04-09 17:10:02.400000,130.04,95.45,21,False,1,False,True
ORT_0384,OUT,2026-04-09,6,evening,2026-04-09 16:00:00.000000,2026-04-09 16:47:15.000000,47.25,45.45,10,False,1,False,True
ORT_0164,IN,2026-04-09,7,evening,2026-04-09 16:45:00.000000,2026-04-09 21:18:51.600000,273.86,100.0,22,False,1,False,True
ORT_0157,IN,2026-04-09,8,evening,2026-04-09 17:00:00.000000,2026-04-09 18:08:18.600000,68.31,95.45,21,False,1,False,True
MIX_0047,MIXED,2026-04-09,9,evening,2026-04-09 17:15:00.000000,2026-04-09 19:59:57.600000,164.96,100.0,29,False,1,False,True
MIX_0048,MIXED,2026-04-09,10,evening,2026-04-09 17:30:00.000000,2026-04-09 19:09:54.000000,99.9,90.91,24,False,1,False,True
ORT_0388,OUT,2026-04-09,1,evening,2026-04-09 18:00:00.000000,2026-04-09 19:55:21.000000,115.35,100.0,22,False,2,True,True
ORT_0387,OUT,2026-04-09,5,evening,2026-04-09 18:00:00.000000,2026-04-09 19:30:07.200000,90.12,86.36,19,False,1,False,True
ORT_0389,OUT,2026-04-09,11,evening,2026-04-09 18:00:00.000000,2026-04-09 18:36:03.000000,36.05,22.73,5,False,1,False,True
MIX_0049,MIXED,2026-04-09,12,evening,2026-04-09 18:15:00.000000,2026-04-09 19:55:10.200000,100.17,100.0,31,False,1,False,True
ORT_0386,OUT,2026-04-09,6,evening,2026-04-09 18:30:00.000000,2026-04-09 21:47:49.200000,197.82,100.0,22,False,1,False,True
ORT_0385,OUT,2026-04-09,8,evening,2026-04-09 18:30:00.000000,2026-04-09 23:24:50.400000,294.84,100.0,22,False,1,False,True
MIX_0050,MIXED,2026-04-09,13,evening,2026-04-09 18:30:00.000000,2026-04-09 20:31:02.400000,121.04,100.0,25,False,1,False,True
ORT_0167,IN,2026-04-09,4,evening,2026-04-09 18:45:00.000000,2026-04-09 20:07:13.800000,82.23,100.0,22,False,1,False,True
ORT_0393,OUT,2026-04-09,3,evening,2026-04-09 19:00:00.000000,2026-04-09 20:47:33.600000,107.56,72.73,16,False,2,False,True
ORT_0390,OUT,2026-04-09,11,evening,2026-04-09 19:00:00.000000,2026-04-09 23:52:03.000000,292.05,77.27,17,False,1,False,True
ORT_0162,IN,2026-04-09,2,evening,2026-04-09 19:30:00.000000,2026-04-09 20:29:51.000000,59.85,95.45,21,False,2,False,True
MIX_0051,MIXED,2026-04-09,10,evening,2026-04-09 19:39:54.000000,2026-04-09 20:43:24.600000,63.51,40.91,14,False,1,False,True
MIX_0052,MIXED,2026-04-09,5,morning,2026-04-09 19:45:00.000000,2026-04-09 21:24:15.600000,99.26,100.0,23,False,2,False,False
MIX_0053,MIXED,2026-04-09,4,morning,2026-04-09 20:15:00.000000,2026-04-09 21:37:54.600000,82.91,100.0,23,False,3,True,False
ORT_0166,IN,2026-04-09,9,morning,2026-04-09 20:15:00.000000,2026-04-09 21:20:18.600000,65.31,100.0,22,False,2,True,False
ORT_0391,OUT,2026-04-09,12,evening,2026-04-09 20:25:10.200000,2026-04-09 22:40:46.800000,135.61,59.09,13,False,1,False,True
ORT_0392,OUT,2026-04-09,1,evening,2026-04-09 20:25:21.000000,2026-04-09 21:42:28.800000,77.13,50.0,11,False,2,False,True
ORT_0165,IN,2026-04-09,2,morning,2026-04-09 20:30:00.000000,2026-04-09 21:24:22.200000,54.37,100.0,22,False,2,True,False
ORT_0170,IN,2026-04-09,3,morning,2026-04-09 21:00:00.000000,2026-04-09 21:48:24.000000,48.4,100.0,22,True,2,True,False
ORT_0394,OUT,2026-04-09,13,evening,2026-04-09 21:01:02.400000,2026-04-09 21:45:31.200000,44.48,4.55,1,False,1,False,True
ORT_0172,IN,2026-04-09,10,evening,2026-04-09 21:03:24.600000,2026-04-10 00:31:39.600000,208.25,40.91,9,True,1,False,True
ORT_0397,OUT,2026-04-09,2,evening,2026-04-09 23:30:00.000000,2026-04-09 23:38:54.000000,8.9,40.91,9,False,3,True,True
ORT_0395,OUT,2026-04-10,1,evening,2026-04-10 00:15:00.000000,2026-04-10 04:20:33.000000,245.55,77.27,17,False,1,False,True
ORT_0396,OUT,2026-04-10,2,evening,2026-04-10 00:30:00.000000,2026-04-10 01:54:07.800000,84.13,90.91,20,False,1,False,True
ORT_0399,OUT,2026-04-10,3,morning,2026-04-10 01:00:00.000000,2026-04-10 01:08:54.000000,8.9,13.64,3,False,1,False,False
ORT_0398,OUT,2026-04-10,4,morning,2026-04-10 01:30:00.000000,2026-04-10 03:01:58.800000,91.98,90.91,20,False,1,False,False
ORT_0400,OUT,2026-04-10,2,morning,2026-04-10 02:30:00.000000,2026-04-10 06:36:17.400000,246.29,90.91,20,False,1,False,False
ORT_0401,OUT,2026-04-10,5,morning,2026-04-10 03:00:00.000000,2026-04-10 07:38:34.200000,278.57,100.0,22,False,1,False,False
ORT_0404,OUT,2026-04-10,6,morning,2026-04-10 03:00:00.000000,2026-04-10 07:10:51.000000,250.85,95.45,21,False,1,False,False
ORT_0402,OUT,2026-04-10,7,morning,2026-04-10 03:00:00.000000,2026-04-10 04:08:51.000000,68.85,90.91,20,False,1,False,False
ORT_0405,OUT,2026-04-10,8,morning,2026-04-10 03:00:00.000000,2026-04-10 03:52:05.400000,52.09,81.82,18,False,1,False,False
ORT_0403,OUT,2026-04-10,9,morning,2026-04-10 03:30:00.000000,2026-04-10 06:42:10.200000,192.17,95.45,21,False,1,False,False
ORT_0176,IN,2026-04-10,10,morning,2026-04-10 03:45:00.000000,2026-04-10 08:43:07.200000,298.12,100.0,22,False,1,False,False
ORT_0173,IN,2026-04-10,11,morning,2026-04-10 04:00:00.000000,2026-04-10 04:11:20.400000,11.34,9.09,2,False,1,False,False
ORT_0406,OUT,2026-04-10,12,morning,2026-04-10 04:15:00.000000,2026-04-10 04:39:45.000000,24.75,59.09,13,False,1,False,False
ORT_0407,OUT,2026-04-10,1,morning,2026-04-10 04:30:00.000000,2026-04-10 06:04:42.600000,94.71,100.0,22,False,1,False,False
ORT_0174,IN,2026-04-10,13,morning,2026-04-10 04:30:00.000000,2026-04-10 06:19:19.200000,109.32,59.09,13,False,1,False,False
ORT_0414,OUT,2026-04-10,7,morning,2026-04-10 05:00:00.000000,2026-04-10 05:54:56.400000,54.94,86.36,19,False,1,False,False
ORT_0412,OUT,2026-04-10,11,morning,2026-04-10 05:00:00.000000,2026-04-10 06:11:31.800000,71.53,100.0,22,False,1,False,False
ORT_0410,OUT,2026-04-10,12,morning,2026-04-10 05:00:00.000000,2026-04-10 06:28:08.400000,88.14,100.0,22,False,1,False,False
ORT_0415,OUT,2026-04-10,8,morning,2026-04-10 05:30:00.000000,2026-04-10 06:17:39.600000,47.66,100.0,22,False,1,False,False
ORT_0416,OUT,2026-04-10,3,morning,2026-04-10 06:15:00.000000,2026-04-10 06:59:51.000000,44.85,95.45,21,False,1,False,False
ORT_0408,OUT,2026-04-10,4,morning,2026-04-10 06:15:00.000000,2026-04-10 10:52:00.000000,277.0,95.45,21,False,1,False,False
ORT_0409,OUT,2026-04-10,7,morning,2026-04-10 06:15:00.000000,2026-04-10 09:00:30.600000,165.51,100.0,22,False,1,False,False
ORT_0411,OUT,2026-04-10,11,morning,2026-04-10 06:31:31.800000,2026-04-10 07:30:38.400000,59.11,100.0,22,False,1,False,False
ORT_0413,OUT,2026-04-10,1,morning,2026-04-10 06:34:42.600000,2026-04-10 08:17:52.200000,103.16,100.0,22,False,1,False,False
ORT_0180,IN,2026-04-10,8,morning,2026-04-10 06:45:00.000000,2026-04-10 11:22:30.000000,277.5,100.0,22,False,1,False,False
MIX_0054,MIXED,2026-04-10,12,morning,2026-04-10 06:48:08.400000,2026-04-10 08:57:35.400000,129.45,90.91,21,False,1,False,False
ORT_0175,IN,2026-04-10,13,morning,2026-04-10 07:00:00.000000,2026-04-10 09:20:10.800000,140.18,100.0,22,False,1,False,False
MIX_0055,MIXED,2026-04-10,9,morning,2026-04-10 07:30:00.000000,2026-04-10 09:38:24.600000,128.41,95.45,22,False,1,False,False
MIX_0056,MIXED,2026-04-10,6,morning,2026-04-10 07:45:00.000000,2026-04-10 11:28:51.000000,223.85,100.0,24,False,1,False,False
ORT_0417,OUT,2026-04-10,11,morning,2026-04-10 08:00:00.000000,2026-04-10 11:09:58.800000,189.98,31.82,7,False,1,False,False
ORT_0179,IN,2026-04-10,5,morning,2026-04-10 08:30:00.000000,2026-04-10 09:18:25.800000,48.43,81.82,18,False,1,False,False
ORT_0185,IN,2026-04-10,1,morning,2026-04-10 09:15:00.000000,2026-04-10 11:18:34.800000,123.58,100.0,22,False,1,False,False
ORT_0183,IN,2026-04-10,10,morning,2026-04-10 09:30:00.000000,2026-04-10 11:14:54.600000,104.91,77.27,17,False,1,False,False
ORT_0184,IN,2026-04-10,12,morning,2026-04-10 09:30:00.000000,2026-04-10 11:13:03.000000,103.05,100.0,22,False,1,False,False
ORT_0181,IN,2026-04-10,13,morning,2026-04-10 11:00:00.000000,2026-04-10 11:18:56.400000,18.94,27.27,6,False,1,False,False
ORT_0186,IN,2026-04-10,13,morning,2026-04-10 11:45:00.000000,2026-04-10 13:14:20.400000,89.34,54.55,12,False,1,False,False
ORT_0187,IN,2026-04-10,2,morning,2026-04-10 12:45:00.000000,2026-04-10 14:27:55.200000,102.92,77.27,17,False,2,True,False
MIX_0057,MIXED,2026-04-10,3,morning,2026-04-10 13:15:00.000000,2026-04-10 17:43:22.800000,268.38,90.91,23,False,2,True,False
ORT_0192,IN,2026-04-10,1,evening,2026-04-10 14:30:00.000000,2026-04-10 19:08:00.600000,278.01,90.91,20,False,2,True,True
ORT_0189,IN,2026-04-10,2,evening,2026-04-10 14:45:00.000000,2026-04-10 16:18:46.200000,93.77,86.36,19,False,2,True,True
ORT_0191,IN,2026-04-10,4,evening,2026-04-10 15:00:00.000000,2026-04-10 19:20:22.800000,260.38,95.45,21,False,1,False,True
ORT_0421,OUT,2026-04-10,5,evening,2026-04-10 15:00:00.000000,2026-04-10 17:17:43.200000,137.72,86.36,19,False,1,False,True
MIX_0058,MIXED,2026-04-10,6,evening,2026-04-10 16:00:00.000000,2026-04-10 19:52:57.000000,232.95,100.0,30,False,1,False,True
ORT_0420,OUT,2026-04-10,7,evening,2026-04-10 16:00:00.000000,2026-04-10 16:47:15.000000,47.25,40.91,9,False,1,False,True
ORT_0197,IN,2026-04-10,8,evening,2026-04-10 16:45:00.000000,2026-04-10 21:27:19.200000,282.32,100.0,22,False,1,False,True
ORT_0195,IN,2026-04-10,9,evening,2026-04-10 17:00:00.000000,2026-04-10 18:12:35.400000,72.59,100.0,22,False,1,False,True
ORT_0422,OUT,2026-04-10,10,evening,2026-04-10 17:15:00.000000,2026-04-10 19:35:50.400000,140.84,95.45,21,False,1,False,True
MIX_0059,MIXED,2026-04-10,11,evening,2026-04-10 17:30:00.000000,2026-04-10 18:34:59.400000,64.99,100.0,25,False,1,False,True
ORT_0424,OUT,2026-04-10,3,evening,2026-04-10 18:00:00.000000,2026-04-10 20:27:28.200000,147.47,90.91,20,False,1,False,True
ORT_0425,OUT,2026-04-10,12,evening,2026-04-10 18:00:00.000000,2026-04-10 19:36:46.800000,96.78,86.36,19,False,1,False,True
MIX_0060,MIXED,2026-04-10,13,evening,2026-04-10 18:15:00.000000,2026-04-10 20:14:31.800000,119.53,100.0,29,False,1,False,True
ORT_0423,OUT,2026-04-10,7,evening,2026-04-10 18:30:00.000000,2026-04-10 23:25:08.400000,295.14,100.0,22,False,1,False,True
ORT_0196,IN,2026-04-10,9,evening,2026-04-10 18:45:00.000000,2026-04-10 20:17:40.200000,92.67,95.45,21,False,1,False,True
ORT_0428,OUT,2026-04-10,5,evening,2026-04-10 19:00:00.000000,2026-04-10 22:01:45.600000,181.76,50.0,11,False,1,False,True
ORT_0426,OUT,2026-04-10,11,evening,2026-04-10 19:00:00.000000,2026-04-10 23:31:39.000000,271.65,68.18,15,False,1,False,True
ORT_0204,IN,2026-04-10,2,evening,2026-04-10 19:15:00.000000,2026-04-10 20:10:13.800000,55.23,95.45,21,False,2,False,True
MIX_0061,MIXED,2026-04-10,1,evening,2026-04-10 19:38:00.600000,2026-04-10 21:00:36.000000,82.59,100.0,23,False,2,False,True
ORT_0206,IN,2026-04-10,12,morning,2026-04-10 19:45:00.000000,2026-04-10 22:18:46.200000,153.77,4.55,1,False,2,True,False
ORT_0203,IN,2026-04-10,4,evening,2026-04-10 19:50:22.800000,2026-04-10 20:51:12.600000,60.83,90.91,20,False,1,False,True
MIX_0062,MIXED,2026-04-10,6,morning,2026-04-10 20:00:00.000000,2026-04-10 21:31:48.000000,91.8,100.0,23,False,2,True,False
ORT_0199,IN,2026-04-10,10,evening,2026-04-10 20:05:50.400000,2026-04-10 21:29:22.200000,83.53,100.0,22,False,1,False,True
ORT_0202,IN,2026-04-10,13,morning,2026-04-10 20:15:00.000000,2026-04-10 21:20:48.000000,65.8,100.0,22,False,2,True,False
ORT_0427,OUT,2026-04-10,9,morning,2026-04-10 20:30:00.000000,2026-04-10 22:28:27.600000,118.46,100.0,22,False,2,True,False
ORT_0429,OUT,2026-04-10,2,evening,2026-04-10 20:30:13.800000,2026-04-10 22:39:29.400000,129.26,95.45,21,False,2,False,True
ORT_0200,IN,2026-04-10,3,evening,2026-04-10 21:00:00.000000,2026-04-10 21:21:26.400000,21.44,36.36,8,False,1,False,True
ORT_0431,OUT,2026-04-10,4,evening,2026-04-10 21:11:12.600000,2026-04-10 21:54:04.200000,42.86,18.18,4,False,1,False,True
ORT_0207,IN,2026-04-10,1,morning,2026-04-10 21:15:00.000000,2026-04-11 00:25:25.200000,190.42,31.82,7,False,2,True,False
ORT_0434,OUT,2026-04-10,6,evening,2026-04-10 23:30:00.000000,2026-04-10 23:38:54.000000,8.9,36.36,8,False,2,True,True
ORT_0432,OUT,2026-04-11,1,evening,2026-04-11 00:15:00.000000,2026-04-11 04:20:54.000000,245.9,77.27,17,False,1,False,True
ORT_0433,OUT,2026-04-11,2,evening,2026-04-11 00:30:00.000000,2026-04-11 01:46:28.200000,76.47,81.82,18,False,1,False,True
ORT_0436,OUT,2026-04-11,3,morning,2026-04-11 01:30:00.000000,2026-04-11 03:12:43.800000,102.73,100.0,22,False,1,False,False
ORT_0435,OUT,2026-04-11,4,morning,2026-04-11 01:30:00.000000,2026-04-11 05:36:10.800000,246.18,90.91,20,False,1,False,False
ORT_0437,OUT,2026-04-11,2,morning,2026-04-11 03:00:00.000000,2026-04-11 07:43:53.400000,283.89,100.0,22,False,1,False,False
ORT_0438,OUT,2026-04-11,5,morning,2026-04-11 03:00:00.000000,2026-04-11 04:08:05.400000,68.09,100.0,22,False,1,False,False
ORT_0441,OUT,2026-04-11,6,morning,2026-04-11 03:00:00.000000,2026-04-11 04:08:58.200000,68.97,95.45,21,False,1,False,False
ORT_0439,OUT,2026-04-11,7,morning,2026-04-11 03:15:00.000000,2026-04-11 04:58:52.200000,103.87,100.0,22,False,1,False,False
ORT_0440,OUT,2026-04-11,8,morning,2026-04-11 03:15:00.000000,2026-04-11 06:27:37.800000,192.63,90.91,20,False,1,False,False
ORT_0211,IN,2026-04-11,9,morning,2026-04-11 03:30:00.000000,2026-04-11 08:31:42.600000,301.71,100.0,22,False,1,False,False
ORT_0442,OUT,2026-04-11,10,morning,2026-04-11 03:30:00.000000,2026-04-11 07:16:08.400000,226.14,86.36,19,False,1,False,False
ORT_0208,IN,2026-04-11,11,morning,2026-04-11 04:00:00.000000,2026-04-11 04:11:20.400000,11.34,9.09,2,False,1,False,False
ORT_0209,IN,2026-04-11,1,morning,2026-04-11 04:30:00.000000,2026-04-11 06:19:19.200000,109.32,68.18,15,False,1,False,False
ORT_0443,OUT,2026-04-11,12,morning,2026-04-11 04:30:00.000000,2026-04-11 05:03:18.600000,33.31,63.64,14,False,1,False,False
ORT_0451,OUT,2026-04-11,5,morning,2026-04-11 05:00:00.000000,2026-04-11 05:47:39.600000,47.66,95.45,21,False,1,False,False
ORT_0446,OUT,2026-04-11,11,morning,2026-04-11 05:00:00.000000,2026-04-11 06:12:34.800000,72.58,95.45,21,False,1,False,False
ORT_0448,OUT,2026-04-11,13,morning,2026-04-11 05:00:00.000000,2026-04-11 06:00:07.800000,60.13,100.0,22,False,1,False,False
ORT_0444,OUT,2026-04-11,3,morning,2026-04-11 05:15:00.000000,2026-04-11 09:52:03.000000,277.05,95.45,21,False,1,False,False
ORT_0450,OUT,2026-04-11,6,morning,2026-04-11 05:15:00.000000,2026-04-11 06:15:19.200000,60.32,100.0,22,False,1,False,False
ORT_0445,OUT,2026-04-11,12,morning,2026-04-11 05:45:00.000000,2026-04-11 08:44:42.000000,179.7,100.0,22,False,1,False,False
MIX_0063,MIXED,2026-04-11,7,morning,2026-04-11 06:00:00.000000,2026-04-11 07:48:31.200000,108.52,95.45,22,False,1,False,False
ORT_0452,OUT,2026-04-11,5,morning,2026-04-11 06:15:00.000000,2026-04-11 06:59:51.000000,44.85,90.91,20,False,1,False,False
ORT_0447,OUT,2026-04-11,4,morning,2026-04-11 06:30:00.000000,2026-04-11 07:45:57.600000,75.96,95.45,21,False,1,False,False
ORT_0449,OUT,2026-04-11,13,morning,2026-04-11 06:30:00.000000,2026-04-11 08:13:42.000000,103.7,100.0,22,False,1,False,False
MIX_0064,MIXED,2026-04-11,11,morning,2026-04-11 06:32:34.800000,2026-04-11 08:59:04.200000,146.49,86.36,21,False,1,False,False
ORT_0212,IN,2026-04-11,1,morning,2026-04-11 07:30:00.000000,2026-04-11 09:24:16.800000,114.28,95.45,21,False,1,False,False
ORT_0214,IN,2026-04-11,10,morning,2026-04-11 08:00:00.000000,2026-04-11 09:28:37.200000,88.62,81.82,18,False,1,False,False
ORT_0210,IN,2026-04-11,7,morning,2026-04-11 08:45:00.000000,2026-04-11 09:08:18.600000,23.31,45.45,10,False,1,False,False
ORT_0222,IN,2026-04-11,13,morning,2026-04-11 08:45:00.000000,2026-04-11 13:24:00.000000,279.0,54.55,12,False,1,False,False
ORT_0453,OUT,2026-04-11,2,morning,2026-04-11 09:00:00.000000,2026-04-11 12:16:27.000000,196.45,36.36,8,False,1,False,False
ORT_0221,IN,2026-04-11,8,morning,2026-04-11 09:00:00.000000,2026-04-11 10:50:05.400000,110.09,90.91,20,False,1,False,False
MIX_0065,MIXED,2026-04-11,12,morning,2026-04-11 09:15:00.000000,2026-04-11 11:27:07.800000,132.13,95.45,23,False,1,False,False
ORT_0220,IN,2026-04-11,9,morning,2026-04-11 09:30:00.000000,2026-04-11 11:03:49.800000,93.83,90.91,20,False,1,False,False
ORT_0217,IN,2026-04-11,11,morning,2026-04-11 09:30:00.000000,2026-04-11 11:17:29.400000,107.49,95.45,21,False,1,False,False
ORT_0218,IN,2026-04-11,1,morning,2026-04-11 11:00:00.000000,2026-04-11 11:18:56.400000,18.94,31.82,7,False,1,False,False
ORT_0223,IN,2026-04-11,4,morning,2026-04-11 12:45:00.000000,2026-04-11 14:27:55.200000,102.92,72.73,16,False,2,True,False
MIX_0066,MIXED,2026-04-11,3,morning,2026-04-11 13:15:00.000000,2026-04-11 17:33:15.600000,258.26,90.91,22,False,2,True,False
ORT_0227,IN,2026-04-11,1,evening,2026-04-11 14:00:00.000000,2026-04-11 18:18:49.800000,258.83,100.0,22,False,2,True,True
ORT_0228,IN,2026-04-11,2,evening,2026-04-11 14:30:00.000000,2026-04-11 19:18:01.800000,288.03,90.91,20,False,2,True,True
ORT_0225,IN,2026-04-11,4,evening,2026-04-11 14:45:00.000000,2026-04-11 16:13:45.000000,88.75,81.82,18,False,1,False,True
ORT_0456,OUT,2026-04-11,5,evening,2026-04-11 15:00:00.000000,2026-04-11 17:11:46.800000,131.78,90.91,20,False,1,False,True
MIX_0067,MIXED,2026-04-11,6,evening,2026-04-11 16:00:00.000000,2026-04-11 19:50:12.600000,230.21,95.45,29,False,1,False,True
ORT_0455,OUT,2026-04-11,7,evening,2026-04-11 16:00:00.000000,2026-04-11 17:18:22.800000,78.38,59.09,13,False,1,False,True
ORT_0235,IN,2026-04-11,8,evening,2026-04-11 16:45:00.000000,2026-04-11 21:17:04.800000,272.08,86.36,19,False,1,False,True
MIX_0068,MIXED,2026-04-11,9,evening,2026-04-11 17:00:00.000000,2026-04-11 18:27:12.000000,87.2,95.45,24,False,1,False,True
ORT_0459,OUT,2026-04-11,10,evening,2026-04-11 17:30:00.000000,2026-04-11 19:34:11.400000,124.19,95.45,21,False,1,False,True
ORT_0226,IN,2026-04-11,11,evening,2026-04-11 17:30:00.000000,2026-04-11 18:09:19.800000,39.33,68.18,15,False,1,False,True
ORT_0458,OUT,2026-04-11,3,evening,2026-04-11 18:00:00.000000,2026-04-11 18:54:47.400000,54.79,45.45,10,False,1,False,True
MIX_0069,MIXED,2026-04-11,12,evening,2026-04-11 18:15:00.000000,2026-04-11 19:59:35.400000,104.59,100.0,30,False,1,False,True
ORT_0460,OUT,2026-04-11,13,evening,2026-04-11 18:15:00.000000,2026-04-11 19:47:14.400000,92.24,90.91,20,False,1,False,True
ORT_0457,OUT,2026-04-11,5,evening,2026-04-11 18:30:00.000000,2026-04-11 21:41:37.800000,191.63,81.82,18,False,1,False,True
ORT_0461,OUT,2026-04-11,7,evening,2026-04-11 18:30:00.000000,2026-04-11 23:18:12.600000,288.21,95.45,21,False,1,False,True
ORT_0240,IN,2026-04-11,11,evening,2026-04-11 18:30:00.000000,2026-04-11 20:00:05.400000,90.09,100.0,22,False,1,False,True
ORT_0236,IN,2026-04-11,4,evening,2026-04-11 18:45:00.000000,2026-04-11 20:22:40.200000,97.67,95.45,21,False,1,False,True
ORT_0463,OUT,2026-04-11,1,morning,2026-04-11 19:00:00.000000,2026-04-11 23:37:13.800000,277.23,72.73,16,False,2,True,False
ORT_0239,IN,2026-04-11,9,evening,2026-04-11 19:00:00.000000,2026-04-11 20:10:17.400000,70.29,100.0,22,False,1,False,True
ORT_0462,OUT,2026-04-11,3,evening,2026-04-11 19:14:47.400000,2026-04-11 22:22:31.200000,187.73,50.0,11,False,1,False,True
ORT_0241,IN,2026-04-11,10,morning,2026-04-11 19:45:00.000000,2026-04-11 22:18:46.200000,153.77,4.55,1,False,2,True,False
MIX_0070,MIXED,2026-04-11,2,evening,2026-04-11 19:48:01.800000,2026-04-11 21:07:23.400000,79.36,95.45,24,False,2,False,True
ORT_0237,IN,2026-04-11,6,morning,2026-04-11 20:00:00.000000,2026-04-11 21:27:13.200000,87.22,100.0,22,False,2,True,False
ORT_0238,IN,2026-04-11,9,morning,2026-04-11 20:15:00.000000,2026-04-11 21:25:56.400000,70.94,100.0,22,False,2,True,False
ORT_0232,IN,2026-04-11,13,evening,2026-04-11 20:17:14.400000,2026-04-11 21:24:58.800000,67.74,81.82,18,False,1,False,True
ORT_0464,OUT,2026-04-11,12,evening,2026-04-11 20:29:35.400000,2026-04-11 22:10:03.600000,100.47,77.27,17,False,1,False,True
ORT_0465,OUT,2026-04-11,11,evening,2026-04-11 20:30:05.400000,2026-04-11 22:25:24.000000,115.31,100.0,22,False,1,False,True
ORT_0234,IN,2026-04-11,4,evening,2026-04-11 20:52:40.200000,2026-04-11 21:24:12.000000,31.53,72.73,16,False,1,False,True
ORT_0466,OUT,2026-04-11,13,evening,2026-04-11 21:44:58.800000,2026-04-12 02:42:11.400000,297.21,13.64,3,False,1,False,True
ORT_0469,OUT,2026-04-11,6,evening,2026-04-11 23:30:00.000000,2026-04-11 23:38:54.000000,8.9,40.91,9,False,2,True,True
ORT_0467,OUT,2026-04-12,1,evening,2026-04-12 00:30:00.000000,2026-04-12 01:54:03.000000,84.05,81.82,18,False,1,False,True
ORT_0468,OUT,2026-04-12,2,evening,2026-04-12 00:30:00.000000,2026-04-12 02:13:52.200000,103.87,68.18,15,False,1,False,True
ORT_0471,OUT,2026-04-12,3,morning,2026-04-12 01:30:00.000000,2026-04-12 03:01:58.800000,91.98,95.45,21,False,1,False,False
ORT_0470,OUT,2026-04-12,1,morning,2026-04-12 02:30:00.000000,2026-04-12 06:45:06.000000,255.1,95.45,21,False,1,False,False
ORT_0475,OUT,2026-04-12,2,morning,2026-04-12 03:00:00.000000,2026-04-12 03:49:01.800000,49.03,100.0,22,False,1,False,False
ORT_0476,OUT,2026-04-12,4,morning,2026-04-12 03:00:00.000000,2026-04-12 04:36:03.000000,96.05,100.0,22,False,1,False,False
ORT_0477,OUT,2026-04-12,5,morning,2026-04-12 03:15:00.000000,2026-04-12 04:29:29.400000,74.49,100.0,22,False,1,False,False
ORT_0473,OUT,2026-04-12,6,morning,2026-04-12 03:15:00.000000,2026-04-12 07:35:43.800000,260.73,95.45,21,False,1,False,False
ORT_0474,OUT,2026-04-12,7,morning,2026-04-12 03:30:00.000000,2026-04-12 08:08:04.200000,278.07,100.0,22,False,1,False,False
ORT_0472,OUT,2026-04-12,8,morning,2026-04-12 04:30:00.000000,2026-04-12 07:49:52.800000,199.88,100.0,22,False,1,False,False
ORT_0479,OUT,2026-04-12,9,morning,2026-04-12 05:00:00.000000,2026-04-12 06:00:47.400000,60.79,100.0,22,False,1,False,False
ORT_0482,OUT,2026-04-12,10,morning,2026-04-12 05:00:00.000000,2026-04-12 06:43:14.400000,103.24,100.0,22,False,1,False,False
ORT_0483,OUT,2026-04-12,11,morning,2026-04-12 05:00:00.000000,2026-04-12 06:06:04.800000,66.08,100.0,22,False,1,False,False
ORT_0485,OUT,2026-04-12,12,morning,2026-04-12 05:45:00.000000,2026-04-12 06:24:02.400000,39.04,100.0,22,False,1,False,False
ORT_0480,OUT,2026-04-12,13,morning,2026-04-12 06:15:00.000000,2026-04-12 07:15:32.400000,60.54,77.27,17,False,1,False,False
ORT_0484,OUT,2026-04-12,5,morning,2026-04-12 06:30:00.000000,2026-04-12 07:54:04.800000,84.08,100.0,22,False,1,False,False
ORT_0478,OUT,2026-04-12,9,morning,2026-04-12 06:30:00.000000,2026-04-12 07:49:36.000000,79.6,100.0,22,False,1,False,False
ORT_0481,OUT,2026-04-12,11,morning,2026-04-12 06:30:00.000000,2026-04-12 11:08:19.200000,278.32,100.0,22,False,1,False,False
ORT_0486,OUT,2026-04-12,13,morning,2026-04-12 08:15:00.000000,2026-04-12 09:07:58.200000,52.97,18.18,4,False,1,False,False
ORT_0487,OUT,2026-04-12,1,evening,2026-04-12 17:00:00.000000,2026-04-12 18:27:40.200000,87.67,13.64,3,False,2,True,True
ORT_0488,OUT,2026-04-12,2,evening,2026-04-12 19:00:00.000000,2026-04-12 21:33:46.200000,153.77,4.55,1,False,2,True,True
